<?xml version = '1.0' encoding = 'UTF-8'?>
<Diagram class="oracle.dbtools.crest.swingui.logical.DPVLogical" name="Logical" id="777E5004-231D-9BA8-72EF-2FB31EA0F6D9">
<createdBy>labsfiap</createdBy>
<modifiedBy>labsfiap</modifiedBy>
<createdTime>2024-09-23 11:47:22 UTC</createdTime>
<autoRoute>false</autoRoute>
<boxInbox>true</boxInbox>
<showLegend>false</showLegend>
<showLabels>false</showLabels>
<showRelAttributes>false</showRelAttributes>
<gridEnabled>false</gridEnabled>
<showGrid>false</showGrid>
<diagramColor>-1</diagramColor>
<display>false</display>
<notation>1</notation>
<objectViews>
<OView class="oracle.dbtools.crest.swingui.logical.TVEntity" oid="04364E39-4D32-0DEE-AE9A-3B7EB6C236F7" otype="Entity" vid="5DE117D7-BE27-8000-08D5-3CAE4B504CB8">
<hideElementsInCurrentOnly>false</hideElementsInCurrentOnly>
<bounds x="408" y="309" width="122" height="100"/>
</OView>
<OView class="oracle.dbtools.crest.swingui.logical.TVEntity" oid="2207D25B-7B50-9A82-E66A-F1131F2A4206" otype="Entity" vid="BBFC83CB-CA93-A935-F638-84168013667B">
<hideElementsInCurrentOnly>false</hideElementsInCurrentOnly>
<bounds x="399" y="133" width="116" height="90"/>
</OView>
<OView class="oracle.dbtools.crest.swingui.logical.TVEntity" oid="4C800AF9-049E-32A4-2393-37800869B28E" otype="Entity" vid="7B525AFA-6D5D-F96D-F116-3003E96BD8A2">
<hideElementsInCurrentOnly>false</hideElementsInCurrentOnly>
<bounds x="28" y="415" width="123" height="91"/>
</OView>
<OView class="oracle.dbtools.crest.swingui.logical.TVEntity" oid="5CA9823B-9A94-2606-911D-DE1792C656BE" otype="Entity" vid="694BD60D-1A4B-D4D0-E4AA-2631DCF0D700">
<hideElementsInCurrentOnly>false</hideElementsInCurrentOnly>
<bounds x="17" y="202" width="136" height="120"/>
</OView>
<OView class="oracle.dbtools.crest.swingui.logical.TVEntity" oid="632363C0-EA38-D021-63B0-84211507D34D" otype="Entity" vid="4046C793-9A38-5F04-B511-733F61E5BE69">
<hideElementsInCurrentOnly>false</hideElementsInCurrentOnly>
<bounds x="401" y="22" width="123" height="82"/>
</OView>
<OView class="oracle.dbtools.crest.swingui.logical.TVEntity" oid="750379D2-7FE8-92EF-2019-5DA98892DA04" otype="Entity" vid="905A1FB0-ACDB-B8E5-D5DB-EB58599C0D00">
<hideElementsInCurrentOnly>false</hideElementsInCurrentOnly>
<bounds x="659" y="213" width="121" height="87"/>
</OView>
<OView class="oracle.dbtools.crest.swingui.logical.TVEntity" oid="84BD6135-10C7-FE7C-5EBE-FA826BC4F2F1" otype="Entity" vid="26139A42-1B23-042E-2E22-6172D564E440">
<hideElementsInCurrentOnly>false</hideElementsInCurrentOnly>
<bounds x="650" y="398" width="123" height="87"/>
</OView>
<OView class="oracle.dbtools.crest.swingui.logical.TVEntity" oid="94486689-8537-1C5C-BB68-598392BF7BF2" otype="Entity" vid="6767248B-9AEA-84BB-9D97-45CDE563BCFC">
<hideElementsInCurrentOnly>false</hideElementsInCurrentOnly>
<bounds x="242" y="415" width="124" height="98"/>
</OView>
<OView class="oracle.dbtools.crest.swingui.logical.TVEntity" oid="C3C14D9D-7B02-AC5A-73AF-D449867D8D02" otype="Entity" vid="B3856B4E-A70C-5F7F-021A-DA7028486EFB">
<hideElementsInCurrentOnly>false</hideElementsInCurrentOnly>
<bounds x="638" y="41" width="106" height="107"/>
</OView>
<OView class="oracle.dbtools.crest.swingui.logical.TVEntity" oid="E4B1E96B-31FF-5061-4450-C9C161A4329E" otype="Entity" vid="45CFB5FC-9D1B-FC9E-448F-ED2A2064D173">
<hideElementsInCurrentOnly>false</hideElementsInCurrentOnly>
<bounds x="102" y="43" width="132" height="96"/>
</OView>
</objectViews>
<connectors>
<Connector class="oracle.dbtools.crest.swingui.logical.TVRelation" oid="01F20F18-FE5E-3346-49B2-790838ED1601" otype="Relation" vid_source="BBFC83CB-CA93-A935-F638-84168013667B" vid_target="4046C793-9A38-5F04-B511-733F61E5BE69">
<hideElementsInCurrentOnly>false</hideElementsInCurrentOnly>
<backgroundColor>-16777216</backgroundColor>
<lineWidth>1</lineWidth>
<points>
<point x="458" y="133"/>
<point x="458" y="104"/>
</points>
</Connector>
<Connector class="oracle.dbtools.crest.swingui.logical.TVRelation" oid="1C86C5B6-EACA-E197-94CA-97B3CB47DA56" otype="Relation" vid_source="694BD60D-1A4B-D4D0-E4AA-2631DCF0D700" vid_target="5DE117D7-BE27-8000-08D5-3CAE4B504CB8">
<hideElementsInCurrentOnly>false</hideElementsInCurrentOnly>
<backgroundColor>-16777216</backgroundColor>
<lineWidth>1</lineWidth>
<points>
<point x="153" y="315"/>
<point x="408" y="315"/>
</points>
</Connector>
<Connector class="oracle.dbtools.crest.swingui.logical.TVRelation" oid="328CAF6D-DFE5-07B4-E5A0-8B3A6A1CAFA3" otype="Relation" vid_source="6767248B-9AEA-84BB-9D97-45CDE563BCFC" vid_target="26139A42-1B23-042E-2E22-6172D564E440">
<hideElementsInCurrentOnly>false</hideElementsInCurrentOnly>
<backgroundColor>-16777216</backgroundColor>
<lineWidth>1</lineWidth>
<points>
<point x="366" y="450"/>
<point x="650" y="450"/>
</points>
</Connector>
<Connector class="oracle.dbtools.crest.swingui.logical.TVRelation" oid="450A83B6-FBD9-98EB-21FD-288083F65B55" otype="Relation" vid_source="5DE117D7-BE27-8000-08D5-3CAE4B504CB8" vid_target="26139A42-1B23-042E-2E22-6172D564E440">
<hideElementsInCurrentOnly>false</hideElementsInCurrentOnly>
<backgroundColor>-16777216</backgroundColor>
<lineWidth>1</lineWidth>
<points>
<point x="530" y="403"/>
<point x="650" y="403"/>
</points>
</Connector>
<Connector class="oracle.dbtools.crest.swingui.logical.TVRelation" oid="5EFEFEAD-B045-9840-D9C2-9B447FCE6A9A" otype="Relation" vid_source="694BD60D-1A4B-D4D0-E4AA-2631DCF0D700" vid_target="905A1FB0-ACDB-B8E5-D5DB-EB58599C0D00">
<hideElementsInCurrentOnly>false</hideElementsInCurrentOnly>
<backgroundColor>-16777216</backgroundColor>
<lineWidth>1</lineWidth>
<points>
<point x="153" y="256"/>
<point x="659" y="256"/>
</points>
</Connector>
<Connector class="oracle.dbtools.crest.swingui.logical.TVRelation" oid="7A335EEC-75AD-6821-F3F1-24680475E000" otype="Relation" vid_source="BBFC83CB-CA93-A935-F638-84168013667B" vid_target="B3856B4E-A70C-5F7F-021A-DA7028486EFB">
<hideElementsInCurrentOnly>false</hideElementsInCurrentOnly>
<backgroundColor>-16777216</backgroundColor>
<lineWidth>1</lineWidth>
<points>
<point x="515" y="140"/>
<point x="638" y="140"/>
</points>
</Connector>
<Connector class="oracle.dbtools.crest.swingui.logical.TVRelation" oid="94FFF72B-ADD4-DE12-EF42-EFBF9861E6DF" otype="Relation" vid_source="BBFC83CB-CA93-A935-F638-84168013667B" vid_target="45CFB5FC-9D1B-FC9E-448F-ED2A2064D173">
<hideElementsInCurrentOnly>false</hideElementsInCurrentOnly>
<backgroundColor>-16777216</backgroundColor>
<lineWidth>1</lineWidth>
<points>
<point x="399" y="136"/>
<point x="234" y="136"/>
</points>
</Connector>
<Connector class="oracle.dbtools.crest.swingui.logical.TVRelation" oid="A4054AD2-1F12-16B9-F999-0135BC766077" otype="Relation" vid_source="694BD60D-1A4B-D4D0-E4AA-2631DCF0D700" vid_target="BBFC83CB-CA93-A935-F638-84168013667B">
<hideElementsInCurrentOnly>false</hideElementsInCurrentOnly>
<backgroundColor>-16777216</backgroundColor>
<lineWidth>1</lineWidth>
<points>
<point x="153" y="212"/>
<point x="399" y="212"/>
</points>
</Connector>
<Connector class="oracle.dbtools.crest.swingui.logical.TVRelation" oid="C1A8018F-3D0F-BD6F-6C92-B67AB6867038" otype="Relation" vid_source="7B525AFA-6D5D-F96D-F116-3003E96BD8A2" vid_target="6767248B-9AEA-84BB-9D97-45CDE563BCFC">
<hideElementsInCurrentOnly>false</hideElementsInCurrentOnly>
<backgroundColor>-16777216</backgroundColor>
<lineWidth>1</lineWidth>
<points>
<point x="151" y="460"/>
<point x="242" y="460"/>
</points>
</Connector>
<Connector class="oracle.dbtools.crest.swingui.logical.TVRelation" oid="D36D42E3-6E54-FB24-5F50-63D25B09D1A1" otype="Relation" vid_source="905A1FB0-ACDB-B8E5-D5DB-EB58599C0D00" vid_target="26139A42-1B23-042E-2E22-6172D564E440">
<hideElementsInCurrentOnly>false</hideElementsInCurrentOnly>
<backgroundColor>-16777216</backgroundColor>
<lineWidth>1</lineWidth>
<points>
<point x="716" y="300"/>
<point x="716" y="398"/>
</points>
</Connector>
<Connector class="oracle.dbtools.crest.swingui.logical.TVRelation" oid="DA674AF4-BE44-8E0D-2DD5-D4270922DA64" otype="Relation" vid_source="BBFC83CB-CA93-A935-F638-84168013667B" vid_target="905A1FB0-ACDB-B8E5-D5DB-EB58599C0D00">
<hideElementsInCurrentOnly>false</hideElementsInCurrentOnly>
<backgroundColor>-16777216</backgroundColor>
<lineWidth>1</lineWidth>
<points>
<point x="515" y="218"/>
<point x="659" y="218"/>
</points>
</Connector>
<Connector class="oracle.dbtools.crest.swingui.logical.TVRelation" oid="F051D33F-755F-2858-2A28-AA401A43EB9C" otype="Relation" vid_source="694BD60D-1A4B-D4D0-E4AA-2631DCF0D700" vid_target="45CFB5FC-9D1B-FC9E-448F-ED2A2064D173">
<hideElementsInCurrentOnly>false</hideElementsInCurrentOnly>
<backgroundColor>-16777216</backgroundColor>
<lineWidth>1</lineWidth>
<points>
<point x="127" y="202"/>
<point x="127" y="139"/>
</points>
</Connector>
<Connector class="oracle.dbtools.crest.swingui.logical.TVRelation" oid="F58FAD67-B399-4520-1424-FF00D029B3C4" otype="Relation" vid_source="694BD60D-1A4B-D4D0-E4AA-2631DCF0D700" vid_target="7B525AFA-6D5D-F96D-F116-3003E96BD8A2">
<hideElementsInCurrentOnly>false</hideElementsInCurrentOnly>
<backgroundColor>-16777216</backgroundColor>
<lineWidth>1</lineWidth>
<points>
<point x="89" y="322"/>
<point x="89" y="415"/>
</points>
</Connector>
</connectors>
</Diagram>