<?xml version = '1.0' encoding = 'UTF-8'?>
<Relation class="oracle.dbtools.crest.model.design.logical.Relation" name="Relation_13" directorySegmentName="seg_0" id="1C86C5B6-EACA-E197-94CA-97B3CB47DA56">
<createdBy>labsfiap</createdBy>
<createdTime>2024-09-23 12:36:44 UTC</createdTime>
<ownerDesignName>aula06</ownerDesignName>
<engineerTo>
<item key="B4EC7678-6D4C-7AEC-40DC-E91871E981AB" value="true"/>
</engineerTo>
<sourcePk>17F26AA8-4918-2401-DE5C-3D13DBD43533</sourcePk>
<identifying>false</identifying>
<optionalSource>true</optionalSource>
<optionalTarget>false</optionalTarget>
<sourceCardinality>1</sourceCardinality>
<sourceEntity>5CA9823B-9A94-2606-911D-DE1792C656BE</sourceEntity>
<targetCardinalityString>*</targetCardinalityString>
<targetEntity>04364E39-4D32-0DEE-AE9A-3B7EB6C236F7</targetEntity>
<transferable>true</transferable>
<deleteRule>NO ACTION</deleteRule>
</Relation>