<?xml version = '1.0' encoding = 'UTF-8'?>
<Relation class="oracle.dbtools.crest.model.design.logical.Relation" name="Relation_11" directorySegmentName="seg_0" id="328CAF6D-DFE5-07B4-E5A0-8B3A6A1CAFA3">
<createdBy>labsfiap</createdBy>
<createdTime>2024-09-23 12:25:56 UTC</createdTime>
<ownerDesignName>aula06</ownerDesignName>
<engineerTo>
<item key="B4EC7678-6D4C-7AEC-40DC-E91871E981AB" value="true"/>
</engineerTo>
<sourcePk>4C2D6487-A2DB-5956-0CEA-DEB874861C32</sourcePk>
<identifying>false</identifying>
<optionalSource>true</optionalSource>
<optionalTarget>false</optionalTarget>
<sourceCardinality>1</sourceCardinality>
<sourceEntity>94486689-8537-1C5C-BB68-598392BF7BF2</sourceEntity>
<targetCardinalityString>*</targetCardinalityString>
<targetEntity>84BD6135-10C7-FE7C-5EBE-FA826BC4F2F1</targetEntity>
<transferable>true</transferable>
<deleteRule>NO ACTION</deleteRule>
</Relation>