<?xml version = '1.0' encoding = 'UTF-8'?>
<Relation class="oracle.dbtools.crest.model.design.logical.Relation" name="Relation_15" directorySegmentName="seg_0" id="450A83B6-FBD9-98EB-21FD-288083F65B55">
<createdBy>labsfiap</createdBy>
<createdTime>2024-09-23 12:37:39 UTC</createdTime>
<ownerDesignName>aula06</ownerDesignName>
<engineerTo>
<item key="B4EC7678-6D4C-7AEC-40DC-E91871E981AB" value="true"/>
</engineerTo>
<sourcePk>16B2AB5A-4B78-699A-5823-59262F690B64</sourcePk>
<identifying>false</identifying>
<optionalSource>true</optionalSource>
<optionalTarget>false</optionalTarget>
<sourceCardinality>1</sourceCardinality>
<sourceEntity>04364E39-4D32-0DEE-AE9A-3B7EB6C236F7</sourceEntity>
<targetCardinalityString>*</targetCardinalityString>
<targetEntity>84BD6135-10C7-FE7C-5EBE-FA826BC4F2F1</targetEntity>
<transferable>true</transferable>
<deleteRule>NO ACTION</deleteRule>
</Relation>