<?xml version = '1.0' encoding = 'UTF-8'?>
<Relation class="oracle.dbtools.crest.model.design.logical.Relation" name="Relation_14" directorySegmentName="seg_0" id="5EFEFEAD-B045-9840-D9C2-9B447FCE6A9A">
<createdBy>labsfiap</createdBy>
<createdTime>2024-09-23 12:37:04 UTC</createdTime>
<ownerDesignName>aula06</ownerDesignName>
<engineerTo>
<item key="B4EC7678-6D4C-7AEC-40DC-E91871E981AB" value="true"/>
</engineerTo>
<sourcePk>17F26AA8-4918-2401-DE5C-3D13DBD43533</sourcePk>
<identifying>false</identifying>
<optionalSource>true</optionalSource>
<optionalTarget>false</optionalTarget>
<sourceCardinality>1</sourceCardinality>
<sourceEntity>5CA9823B-9A94-2606-911D-DE1792C656BE</sourceEntity>
<targetCardinalityString>*</targetCardinalityString>
<targetEntity>750379D2-7FE8-92EF-2019-5DA98892DA04</targetEntity>
<transferable>true</transferable>
<deleteRule>NO ACTION</deleteRule>
</Relation>