<?xml version = '1.0' encoding = 'UTF-8'?>
<Relation class="oracle.dbtools.crest.model.design.logical.Relation" name="Relation_16" directorySegmentName="seg_0" id="94FFF72B-ADD4-DE12-EF42-EFBF9861E6DF">
<createdBy>labsfiap</createdBy>
<createdTime>2024-09-23 12:37:50 UTC</createdTime>
<ownerDesignName>aula06</ownerDesignName>
<engineerTo>
<item key="B4EC7678-6D4C-7AEC-40DC-E91871E981AB" value="true"/>
</engineerTo>
<sourcePk>17F887F9-B310-8E80-B773-CC8955B22209</sourcePk>
<identifying>false</identifying>
<optionalSource>true</optionalSource>
<optionalTarget>false</optionalTarget>
<sourceCardinality>1</sourceCardinality>
<sourceEntity>2207D25B-7B50-9A82-E66A-F1131F2A4206</sourceEntity>
<targetCardinalityString>1</targetCardinalityString>
<targetEntity>E4B1E96B-31FF-5061-4450-C9C161A4329E</targetEntity>
<transferable>true</transferable>
<deleteRule>NO ACTION</deleteRule>
</Relation>