<?xml version = '1.0' encoding = 'UTF-8'?>
<Relation class="oracle.dbtools.crest.model.design.logical.Relation" name="Relation_12" directorySegmentName="seg_0" id="A4054AD2-1F12-16B9-F999-0135BC766077">
<createdBy>labsfiap</createdBy>
<createdTime>2024-09-23 12:34:57 UTC</createdTime>
<ownerDesignName>aula06</ownerDesignName>
<engineerTo>
<item key="B4EC7678-6D4C-7AEC-40DC-E91871E981AB" value="true"/>
</engineerTo>
<sourcePk>17F26AA8-4918-2401-DE5C-3D13DBD43533</sourcePk>
<identifying>false</identifying>
<optionalSource>true</optionalSource>
<optionalTarget>false</optionalTarget>
<sourceCardinality>1</sourceCardinality>
<sourceEntity>5CA9823B-9A94-2606-911D-DE1792C656BE</sourceEntity>
<targetCardinalityString>1</targetCardinalityString>
<targetEntity>2207D25B-7B50-9A82-E66A-F1131F2A4206</targetEntity>
<transferable>true</transferable>
<deleteRule>NO ACTION</deleteRule>
</Relation>