<?xml version = '1.0' encoding = 'UTF-8'?>
<Relation class="oracle.dbtools.crest.model.design.logical.Relation" name="Relation_10" directorySegmentName="seg_0" id="C1A8018F-3D0F-BD6F-6C92-B67AB6867038">
<createdBy>labsfiap</createdBy>
<createdTime>2024-09-23 12:25:43 UTC</createdTime>
<ownerDesignName>aula06</ownerDesignName>
<engineerTo>
<item key="B4EC7678-6D4C-7AEC-40DC-E91871E981AB" value="true"/>
</engineerTo>
<sourcePk>32FEAA7A-99DF-FE09-279E-447A778961CD</sourcePk>
<identifying>false</identifying>
<optionalSource>true</optionalSource>
<optionalTarget>false</optionalTarget>
<sourceCardinality>1</sourceCardinality>
<sourceEntity>4C800AF9-049E-32A4-2393-37800869B28E</sourceEntity>
<targetCardinalityString>*</targetCardinalityString>
<targetEntity>94486689-8537-1C5C-BB68-598392BF7BF2</targetEntity>
<transferable>true</transferable>
<deleteRule>NO ACTION</deleteRule>
</Relation>