<?xml version = '1.0' encoding = 'UTF-8'?>
<Relation class="oracle.dbtools.crest.model.design.logical.Relation" name="Relation_20" directorySegmentName="seg_0" id="D36D42E3-6E54-FB24-5F50-63D25B09D1A1">
<createdBy>labsfiap</createdBy>
<createdTime>2024-09-23 12:46:42 UTC</createdTime>
<ownerDesignName>aula06</ownerDesignName>
<engineerTo>
<item key="B4EC7678-6D4C-7AEC-40DC-E91871E981AB" value="true"/>
</engineerTo>
<sourcePk>414DF3F8-93B1-4627-7A85-60024BDBD875</sourcePk>
<identifying>false</identifying>
<optionalSource>true</optionalSource>
<optionalTarget>false</optionalTarget>
<sourceCardinality>1</sourceCardinality>
<sourceEntity>750379D2-7FE8-92EF-2019-5DA98892DA04</sourceEntity>
<targetCardinalityString>*</targetCardinalityString>
<targetEntity>84BD6135-10C7-FE7C-5EBE-FA826BC4F2F1</targetEntity>
<transferable>true</transferable>
<deleteRule>NO ACTION</deleteRule>
</Relation>