<?xml version = '1.0' encoding = 'UTF-8'?>
<Relation class="oracle.dbtools.crest.model.design.logical.Relation" name="Relation_8" directorySegmentName="seg_0" id="DA674AF4-BE44-8E0D-2DD5-D4270922DA64">
<createdBy>labsfiap</createdBy>
<createdTime>2024-09-23 12:14:02 UTC</createdTime>
<ownerDesignName>aula06</ownerDesignName>
<engineerTo>
<item key="B4EC7678-6D4C-7AEC-40DC-E91871E981AB" value="true"/>
</engineerTo>
<sourcePk>17F887F9-B310-8E80-B773-CC8955B22209</sourcePk>
<identifying>false</identifying>
<optionalSource>true</optionalSource>
<optionalTarget>false</optionalTarget>
<sourceCardinality>1</sourceCardinality>
<sourceEntity>2207D25B-7B50-9A82-E66A-F1131F2A4206</sourceEntity>
<targetCardinalityString>*</targetCardinalityString>
<targetEntity>750379D2-7FE8-92EF-2019-5DA98892DA04</targetEntity>
<transferable>true</transferable>
<deleteRule>NO ACTION</deleteRule>
</Relation>