<?xml version = '1.0' encoding = 'UTF-8'?>
<Relation class="oracle.dbtools.crest.model.design.logical.Relation" name="Relation_17" directorySegmentName="seg_0" id="F051D33F-755F-2858-2A28-AA401A43EB9C">
<createdBy>labsfiap</createdBy>
<createdTime>2024-09-23 12:38:00 UTC</createdTime>
<ownerDesignName>aula06</ownerDesignName>
<engineerTo>
<item key="B4EC7678-6D4C-7AEC-40DC-E91871E981AB" value="true"/>
</engineerTo>
<sourcePk>17F26AA8-4918-2401-DE5C-3D13DBD43533</sourcePk>
<identifying>false</identifying>
<optionalSource>true</optionalSource>
<optionalTarget>false</optionalTarget>
<sourceCardinality>1</sourceCardinality>
<sourceEntity>5CA9823B-9A94-2606-911D-DE1792C656BE</sourceEntity>
<targetCardinalityString>1</targetCardinalityString>
<targetEntity>E4B1E96B-31FF-5061-4450-C9C161A4329E</targetEntity>
<transferable>true</transferable>
<deleteRule>NO ACTION</deleteRule>
</Relation>