<?xml version = '1.0' encoding = 'UTF-8'?>
<Relation class="oracle.dbtools.crest.model.design.logical.Relation" name="Relation_6" directorySegmentName="seg_0" id="F58FAD67-B399-4520-1424-FF00D029B3C4">
<createdBy>labsfiap</createdBy>
<createdTime>2024-09-23 12:13:02 UTC</createdTime>
<ownerDesignName>aula06</ownerDesignName>
<engineerTo>
<item key="B4EC7678-6D4C-7AEC-40DC-E91871E981AB" value="true"/>
</engineerTo>
<identifying>false</identifying>
<optionalSource>true</optionalSource>
<optionalTarget>false</optionalTarget>
<sourceCardinality>*</sourceCardinality>
<sourceEntity>5CA9823B-9A94-2606-911D-DE1792C656BE</sourceEntity>
<targetCardinalityString>*</targetCardinalityString>
<targetEntity>4C800AF9-049E-32A4-2393-37800869B28E</targetEntity>
<transferable>true</transferable>
<deleteRule>NO ACTION</deleteRule>
</Relation>