<?xml version = '1.0' encoding = 'UTF-8'?>
<Relation class="oracle.dbtools.crest.model.design.logical.Relation" name="Relation_7" directorySegmentName="seg_0" id="0ED6379B-9E91-556F-6858-5E988CC8DD94">
<createdBy>labsfiap</createdBy>
<createdTime>2024-09-23 11:31:03 UTC</createdTime>
<ownerDesignName>aula05</ownerDesignName>
<engineerTo>
<item key="2FBD8A3D-1B9D-732D-582E-F25E451250DF" value="true"/>
</engineerTo>
<sourcePk>F8D2BEA5-061F-98E0-4C9A-481101F858F7</sourcePk>
<identifying>false</identifying>
<optionalSource>true</optionalSource>
<optionalTarget>false</optionalTarget>
<sourceCardinality>1</sourceCardinality>
<sourceEntity>6A853651-7C23-AFDF-ACD8-E2ACF9387544</sourceEntity>
<targetCardinalityString>*</targetCardinalityString>
<targetEntity>DFF75482-787A-6590-177D-70CEC1B9C0BC</targetEntity>
<transferable>true</transferable>
<deleteRule>NO ACTION</deleteRule>
</Relation>