<?xml version = '1.0' encoding = 'UTF-8'?>
<Relation class="oracle.dbtools.crest.model.design.logical.Relation" name="Relation_2" directorySegmentName="seg_0" id="0FA69F0D-37B1-FEE3-0FFC-9E81A126C97B">
<createdBy>labsfiap</createdBy>
<createdTime>2024-09-23 11:29:00 UTC</createdTime>
<ownerDesignName>aula05</ownerDesignName>
<engineerTo>
<item key="2FBD8A3D-1B9D-732D-582E-F25E451250DF" value="true"/>
</engineerTo>
<sourcePk>24033E41-C7AD-C41C-ADD4-F95A35D6C074</sourcePk>
<identifying>false</identifying>
<optionalSource>true</optionalSource>
<optionalTarget>false</optionalTarget>
<sourceCardinality>1</sourceCardinality>
<sourceEntity>D312998B-C452-E706-2423-6BE8729F1181</sourceEntity>
<targetCardinalityString>1</targetCardinalityString>
<targetEntity>E1C3C732-A518-61D1-E694-6029E080179D</targetEntity>
<transferable>true</transferable>
<deleteRule>NO ACTION</deleteRule>
</Relation>