<?xml version = '1.0' encoding = 'UTF-8'?>
<Relation class="oracle.dbtools.crest.model.design.logical.Relation" name="Relation_5" directorySegmentName="seg_0" id="31062698-5CFB-F692-AD40-96BD31130BD8">
<createdBy>labsfiap</createdBy>
<createdTime>2024-09-23 11:29:57 UTC</createdTime>
<ownerDesignName>aula05</ownerDesignName>
<engineerTo>
<item key="2FBD8A3D-1B9D-732D-582E-F25E451250DF" value="true"/>
</engineerTo>
<sourcePk>F8D2BEA5-061F-98E0-4C9A-481101F858F7</sourcePk>
<identifying>false</identifying>
<optionalSource>true</optionalSource>
<optionalTarget>false</optionalTarget>
<sourceCardinality>1</sourceCardinality>
<sourceEntity>6A853651-7C23-AFDF-ACD8-E2ACF9387544</sourceEntity>
<targetCardinalityString>*</targetCardinalityString>
<targetEntity>3827AED5-11BD-B793-22AF-C6A7BD072308</targetEntity>
<transferable>true</transferable>
<deleteRule>NO ACTION</deleteRule>
</Relation>