<?xml version = '1.0' encoding = 'UTF-8'?>
<Relation class="oracle.dbtools.crest.model.design.logical.Relation" name="Relation_1" directorySegmentName="seg_0" id="6B2D2569-0BC0-37BD-CCEF-DE205DE444A4">
<createdBy>labsfiap</createdBy>
<createdTime>2024-09-23 11:28:14 UTC</createdTime>
<ownerDesignName>aula05</ownerDesignName>
<engineerTo>
<item key="2FBD8A3D-1B9D-732D-582E-F25E451250DF" value="true"/>
</engineerTo>
<sourcePk>24033E41-C7AD-C41C-ADD4-F95A35D6C074</sourcePk>
<identifying>false</identifying>
<optionalSource>true</optionalSource>
<optionalTarget>false</optionalTarget>
<sourceCardinality>1</sourceCardinality>
<sourceEntity>D312998B-C452-E706-2423-6BE8729F1181</sourceEntity>
<targetCardinalityString>1</targetCardinalityString>
<targetEntity>A52E2E5B-167F-FE42-A705-A6EED28B58C9</targetEntity>
<transferable>true</transferable>
<deleteRule>NO ACTION</deleteRule>
</Relation>