<?xml version = '1.0' encoding = 'UTF-8'?>
<Relation class="oracle.dbtools.crest.model.design.logical.Relation" name="Relation_4" directorySegmentName="seg_0" id="6D65717F-54CE-F8CC-491A-CAB9BD86E711">
<createdBy>labsfiap</createdBy>
<createdTime>2024-09-23 11:29:44 UTC</createdTime>
<ownerDesignName>aula05</ownerDesignName>
<engineerTo>
<item key="2FBD8A3D-1B9D-732D-582E-F25E451250DF" value="true"/>
</engineerTo>
<sourcePk>78B5F3F3-6117-3349-BEF7-29F3507F5468</sourcePk>
<identifying>false</identifying>
<optionalSource>true</optionalSource>
<optionalTarget>false</optionalTarget>
<sourceCardinality>1</sourceCardinality>
<sourceEntity>3827AED5-11BD-B793-22AF-C6A7BD072308</sourceEntity>
<targetCardinalityString>*</targetCardinalityString>
<targetEntity>A52E2E5B-167F-FE42-A705-A6EED28B58C9</targetEntity>
<transferable>true</transferable>
<deleteRule>NO ACTION</deleteRule>
</Relation>