<?xml version = '1.0' encoding = 'UTF-8'?>
<Relation class="oracle.dbtools.crest.model.design.logical.Relation" name="Relation_9" directorySegmentName="seg_0" id="B47C1368-2313-B837-31DC-22B9D6418AAA">
<createdBy>labsfiap</createdBy>
<createdTime>2024-09-23 11:31:45 UTC</createdTime>
<ownerDesignName>aula05</ownerDesignName>
<engineerTo>
<item key="2FBD8A3D-1B9D-732D-582E-F25E451250DF" value="true"/>
</engineerTo>
<sourcePk>61A2A197-DFBE-6E28-A6F5-37ECB27D1CC7</sourcePk>
<identifying>false</identifying>
<optionalSource>true</optionalSource>
<optionalTarget>false</optionalTarget>
<sourceCardinality>1</sourceCardinality>
<sourceEntity>E1C3C732-A518-61D1-E694-6029E080179D</sourceEntity>
<targetCardinalityString>*</targetCardinalityString>
<targetEntity>E0125E9D-5458-7161-2236-3F9C1E54801C</targetEntity>
<transferable>true</transferable>
<deleteRule>NO ACTION</deleteRule>
</Relation>