<?xml version = '1.0' encoding = 'UTF-8'?>
<Relation class="oracle.dbtools.crest.model.design.logical.Relation" name="Relation_10" directorySegmentName="seg_0" id="E866FE48-C615-F2C3-3F83-1DA9F1BA6B76">
<createdBy>labsfiap</createdBy>
<createdTime>2024-09-23 11:32:56 UTC</createdTime>
<ownerDesignName>aula05</ownerDesignName>
<engineerTo>
<item key="2FBD8A3D-1B9D-732D-582E-F25E451250DF" value="true"/>
</engineerTo>
<sourcePk>78B5F3F3-6117-3349-BEF7-29F3507F5468</sourcePk>
<identifying>false</identifying>
<optionalSource>true</optionalSource>
<optionalTarget>false</optionalTarget>
<sourceCardinality>1</sourceCardinality>
<sourceEntity>3827AED5-11BD-B793-22AF-C6A7BD072308</sourceEntity>
<targetCardinalityString>*</targetCardinalityString>
<targetEntity>E0125E9D-5458-7161-2236-3F9C1E54801C</targetEntity>
<transferable>true</transferable>
<deleteRule>NO ACTION</deleteRule>
</Relation>