<?xml version = '1.0' encoding = 'UTF-8'?>
<Relation class="oracle.dbtools.crest.model.design.logical.Relation" name="Relation_11" directorySegmentName="seg_0" id="FF0B6699-526F-EB32-B60A-32E2CF10732B">
<createdBy>labsfiap</createdBy>
<createdTime>2024-09-23 11:33:42 UTC</createdTime>
<ownerDesignName>aula05</ownerDesignName>
<engineerTo>
<item key="2FBD8A3D-1B9D-732D-582E-F25E451250DF" value="true"/>
</engineerTo>
<sourcePk>136F85FD-04E0-77DB-13E8-80F6A56CABC6</sourcePk>
<identifying>false</identifying>
<optionalSource>true</optionalSource>
<optionalTarget>false</optionalTarget>
<sourceCardinality>1</sourceCardinality>
<sourceEntity>DFF75482-787A-6590-177D-70CEC1B9C0BC</sourceEntity>
<targetCardinalityString>*</targetCardinalityString>
<targetEntity>E0125E9D-5458-7161-2236-3F9C1E54801C</targetEntity>
<transferable>true</transferable>
<deleteRule>NO ACTION</deleteRule>
</Relation>