<?xml version = '1.0' encoding = 'UTF-8'?>
<Entity class="oracle.dbtools.crest.model.design.logical.Entity" directorySegmentName="seg_0" id="3827AED5-11BD-B793-22AF-C6A7BD072308" name="TURMA">
<createdBy>labsfiap</createdBy>
<createdTime>2024-09-23 11:04:26 UTC</createdTime>
<ownerDesignName>aula05</ownerDesignName>
<engineerTo>
<item key="2FBD8A3D-1B9D-732D-582E-F25E451250DF" value="true"/>
</engineerTo>
<adequatelyNormalized>NO</adequatelyNormalized>
<expectedVolumes>0</expectedVolumes>
<fwdEngineeringStrategyName>Single Table</fwdEngineeringStrategyName>
<growthPercent>0</growthPercent>
<growthType>Year</growthType>
<maxVolumes>9999999</maxVolumes>
<minVolumes>0</minVolumes>
<normalForm>Third</normalForm>
<attributes itemClass="oracle.dbtools.crest.model.design.logical.Attribute">
<Attribute name="nome_turma" id="7939DAD7-4B53-286C-0F46-DE0F1D5C5A89">
<createdBy>labsfiap</createdBy>
<createdTime>2024-09-23 11:15:12 UTC</createdTime>
<ownerDesignName>aula05</ownerDesignName>
<engineerTo>
<item key="2FBD8A3D-1B9D-732D-582E-F25E451250DF" value="true"/>
</engineerTo>
<use>0</use>
<ownDataTypeParameters>,,</ownDataTypeParameters>
</Attribute>
<Attribute name="sala" id="F526F6D0-BA3C-D588-71A1-E90BB4B1FC8B">
<createdBy>labsfiap</createdBy>
<createdTime>2024-09-23 11:15:23 UTC</createdTime>
<ownerDesignName>aula05</ownerDesignName>
<engineerTo>
<item key="2FBD8A3D-1B9D-732D-582E-F25E451250DF" value="true"/>
</engineerTo>
<use>0</use>
<ownDataTypeParameters>,,</ownDataTypeParameters>
</Attribute>
<Attribute name="período" id="7D6EAA04-ED99-0C7E-11F0-733195B914A7">
<createdBy>labsfiap</createdBy>
<createdTime>2024-09-23 11:15:28 UTC</createdTime>
<ownerDesignName>aula05</ownerDesignName>
<engineerTo>
<item key="2FBD8A3D-1B9D-732D-582E-F25E451250DF" value="true"/>
</engineerTo>
<use>0</use>
<ownDataTypeParameters>,,</ownDataTypeParameters>
</Attribute>
<Attribute name="modalidade" id="5C8919B0-1264-AE03-FB46-C2B6DAA8EA3A">
<createdBy>labsfiap</createdBy>
<createdTime>2024-09-23 11:15:40 UTC</createdTime>
<ownerDesignName>aula05</ownerDesignName>
<engineerTo>
<item key="2FBD8A3D-1B9D-732D-582E-F25E451250DF" value="true"/>
</engineerTo>
<use>0</use>
<ownDataTypeParameters>,,</ownDataTypeParameters>
</Attribute>
<Attribute name="id_turma" id="22330F31-8A8A-C904-C40A-C97C2B56DCC1">
<createdBy>labsfiap</createdBy>
<createdTime>2024-09-23 11:16:02 UTC</createdTime>
<ownerDesignName>aula05</ownerDesignName>
<engineerTo>
<item key="2FBD8A3D-1B9D-732D-582E-F25E451250DF" value="true"/>
</engineerTo>
<use>0</use>
<ownDataTypeParameters>,,</ownDataTypeParameters>
</Attribute>
<Attribute name="id_curso" id="E4A9BEF5-2484-C44D-4E98-00EC471475A9">
<createdBy>labsfiap</createdBy>
<createdTime>2024-09-23 11:29:57 UTC</createdTime>
<generatorID>31062698-5CFB-F692-AD40-96BD31130BD8</generatorID>
<ownerDesignName>aula05</ownerDesignName>
<engineerTo>
<item key="2FBD8A3D-1B9D-732D-582E-F25E451250DF" value="true"/>
</engineerTo>
<referedAttribute>E735A1E9-7497-032D-1A2D-7B7A9DC5127C</referedAttribute>
<use>0</use>
<ownDataTypeParameters>,,</ownDataTypeParameters>
</Attribute>
</attributes>
<identifiers itemClass="oracle.dbtools.crest.model.design.logical.CandidateKey">
<identifier id="78B5F3F3-6117-3349-BEF7-29F3507F5468" name="TURMA PK">
<createdBy>labsfiap</createdBy>
<createdTime>2024-09-23 11:15:21 UTC</createdTime>
<ownerDesignName>aula05</ownerDesignName>
<engineerTo>
<item key="2FBD8A3D-1B9D-732D-582E-F25E451250DF" value="true"/>
</engineerTo>
<pk>true</pk>
<usedAttributes>
<attributeRef>22330F31-8A8A-C904-C40A-C97C2B56DCC1</attributeRef>
</usedAttributes>
</identifier>
</identifiers>
</Entity>