<?xml version = '1.0' encoding = 'UTF-8'?>
<Entity class="oracle.dbtools.crest.model.design.logical.Entity" directorySegmentName="seg_0" id="6A853651-7C23-AFDF-ACD8-E2ACF9387544" name="CURSO">
<createdBy>labsfiap</createdBy>
<createdTime>2024-09-23 11:05:08 UTC</createdTime>
<ownerDesignName>aula05</ownerDesignName>
<engineerTo>
<item key="2FBD8A3D-1B9D-732D-582E-F25E451250DF" value="true"/>
</engineerTo>
<adequatelyNormalized>NO</adequatelyNormalized>
<expectedVolumes>0</expectedVolumes>
<fwdEngineeringStrategyName>Single Table</fwdEngineeringStrategyName>
<growthPercent>0</growthPercent>
<growthType>Year</growthType>
<maxVolumes>9999999</maxVolumes>
<minVolumes>0</minVolumes>
<normalForm>Third</normalForm>
<attributes itemClass="oracle.dbtools.crest.model.design.logical.Attribute">
<Attribute name="id_curso" id="E735A1E9-7497-032D-1A2D-7B7A9DC5127C">
<createdBy>labsfiap</createdBy>
<createdTime>2024-09-23 11:20:51 UTC</createdTime>
<ownerDesignName>aula05</ownerDesignName>
<engineerTo>
<item key="2FBD8A3D-1B9D-732D-582E-F25E451250DF" value="true"/>
</engineerTo>
<use>0</use>
<ownDataTypeParameters>,,</ownDataTypeParameters>
</Attribute>
<Attribute name="nome" id="D478E81B-D64F-FADB-453A-D5A166165C24">
<createdBy>labsfiap</createdBy>
<createdTime>2024-09-23 11:21:01 UTC</createdTime>
<ownerDesignName>aula05</ownerDesignName>
<engineerTo>
<item key="2FBD8A3D-1B9D-732D-582E-F25E451250DF" value="true"/>
</engineerTo>
<use>0</use>
<ownDataTypeParameters>,,</ownDataTypeParameters>
</Attribute>
<Attribute name="carga_horaria" id="F8FC066C-BDAA-BE4B-0A5B-B4B0649D9642">
<createdBy>labsfiap</createdBy>
<createdTime>2024-09-23 11:21:29 UTC</createdTime>
<ownerDesignName>aula05</ownerDesignName>
<engineerTo>
<item key="2FBD8A3D-1B9D-732D-582E-F25E451250DF" value="true"/>
</engineerTo>
<use>0</use>
<ownDataTypeParameters>,,</ownDataTypeParameters>
</Attribute>
</attributes>
<identifiers itemClass="oracle.dbtools.crest.model.design.logical.CandidateKey">
<identifier id="F8D2BEA5-061F-98E0-4C9A-481101F858F7" name="CURSO PK">
<createdBy>labsfiap</createdBy>
<createdTime>2024-09-23 11:20:59 UTC</createdTime>
<ownerDesignName>aula05</ownerDesignName>
<engineerTo>
<item key="2FBD8A3D-1B9D-732D-582E-F25E451250DF" value="true"/>
</engineerTo>
<pk>true</pk>
<usedAttributes>
<attributeRef>E735A1E9-7497-032D-1A2D-7B7A9DC5127C</attributeRef>
</usedAttributes>
</identifier>
</identifiers>
</Entity>