<?xml version = '1.0' encoding = 'UTF-8'?>
<Entity class="oracle.dbtools.crest.model.design.logical.Entity" directorySegmentName="seg_0" id="A52E2E5B-167F-FE42-A705-A6EED28B58C9" name="ALUNO">
<createdBy>labsfiap</createdBy>
<createdTime>2024-09-23 11:04:42 UTC</createdTime>
<ownerDesignName>aula05</ownerDesignName>
<engineerTo>
<item key="2FBD8A3D-1B9D-732D-582E-F25E451250DF" value="true"/>
</engineerTo>
<adequatelyNormalized>NO</adequatelyNormalized>
<expectedVolumes>0</expectedVolumes>
<fwdEngineeringStrategyName>Single Table</fwdEngineeringStrategyName>
<growthPercent>0</growthPercent>
<growthType>Year</growthType>
<maxVolumes>9999999</maxVolumes>
<minVolumes>0</minVolumes>
<normalForm>Third</normalForm>
<attributes itemClass="oracle.dbtools.crest.model.design.logical.Attribute">
<Attribute name="ra" id="F282D4F6-C2EF-E36D-E95E-84879A89E849">
<createdBy>labsfiap</createdBy>
<createdTime>2024-09-23 11:10:47 UTC</createdTime>
<ownerDesignName>aula05</ownerDesignName>
<engineerTo>
<item key="2FBD8A3D-1B9D-732D-582E-F25E451250DF" value="true"/>
</engineerTo>
<use>0</use>
<ownDataTypeParameters>,,</ownDataTypeParameters>
</Attribute>
<Attribute name="nome" id="F11EF669-FA1D-A9FA-161F-DF3F3EEEFE4A">
<createdBy>labsfiap</createdBy>
<createdTime>2024-09-23 11:11:39 UTC</createdTime>
<ownerDesignName>aula05</ownerDesignName>
<engineerTo>
<item key="2FBD8A3D-1B9D-732D-582E-F25E451250DF" value="true"/>
</engineerTo>
<use>0</use>
<ownDataTypeParameters>,,</ownDataTypeParameters>
</Attribute>
<Attribute name="data_nascimento" id="CC3F5D65-8F9D-C73F-2E08-8F04E054FFE8">
<createdBy>labsfiap</createdBy>
<createdTime>2024-09-23 11:11:54 UTC</createdTime>
<ownerDesignName>aula05</ownerDesignName>
<engineerTo>
<item key="2FBD8A3D-1B9D-732D-582E-F25E451250DF" value="true"/>
</engineerTo>
<use>0</use>
<ownDataTypeParameters>,,</ownDataTypeParameters>
</Attribute>
<Attribute name="genero" id="8E92283A-AC06-6D08-B7BE-96B005AA331F">
<createdBy>labsfiap</createdBy>
<createdTime>2024-09-23 11:12:14 UTC</createdTime>
<ownerDesignName>aula05</ownerDesignName>
<engineerTo>
<item key="2FBD8A3D-1B9D-732D-582E-F25E451250DF" value="true"/>
</engineerTo>
<nullsAllowed>true</nullsAllowed>
<use>0</use>
<ownDataTypeParameters>,,</ownDataTypeParameters>
</Attribute>
<Attribute name="cpf" id="A1FD45A7-34A2-14D8-D35F-2D615609B495">
<createdBy>labsfiap</createdBy>
<createdTime>2024-09-23 11:12:25 UTC</createdTime>
<ownerDesignName>aula05</ownerDesignName>
<engineerTo>
<item key="2FBD8A3D-1B9D-732D-582E-F25E451250DF" value="true"/>
</engineerTo>
<use>0</use>
<ownDataTypeParameters>,,</ownDataTypeParameters>
</Attribute>
<Attribute name="id_autentica" id="6FEB9FF8-A8AC-A39F-0E1E-A8B371CC1FC0">
<createdBy>labsfiap</createdBy>
<createdTime>2024-09-23 11:28:14 UTC</createdTime>
<generatorID>6B2D2569-0BC0-37BD-CCEF-DE205DE444A4</generatorID>
<ownerDesignName>aula05</ownerDesignName>
<engineerTo>
<item key="2FBD8A3D-1B9D-732D-582E-F25E451250DF" value="true"/>
</engineerTo>
<referedAttribute>0EB9FD01-DF69-DFF8-85BD-79D85E459F59</referedAttribute>
<use>0</use>
<ownDataTypeParameters>,,</ownDataTypeParameters>
</Attribute>
<Attribute name="id_turma" id="6C421584-A1E1-124F-7429-00B7B4FE8852">
<createdBy>labsfiap</createdBy>
<createdTime>2024-09-23 11:29:44 UTC</createdTime>
<generatorID>6D65717F-54CE-F8CC-491A-CAB9BD86E711</generatorID>
<ownerDesignName>aula05</ownerDesignName>
<engineerTo>
<item key="2FBD8A3D-1B9D-732D-582E-F25E451250DF" value="true"/>
</engineerTo>
<referedAttribute>22330F31-8A8A-C904-C40A-C97C2B56DCC1</referedAttribute>
<use>0</use>
<ownDataTypeParameters>,,</ownDataTypeParameters>
</Attribute>
</attributes>
<identifiers itemClass="oracle.dbtools.crest.model.design.logical.CandidateKey">
<identifier id="1F8C848C-9A8B-B173-2BB3-3139CD3632AD" name="ALUNO PK">
<createdBy>labsfiap</createdBy>
<createdTime>2024-09-23 11:12:08 UTC</createdTime>
<ownerDesignName>aula05</ownerDesignName>
<engineerTo>
<item key="2FBD8A3D-1B9D-732D-582E-F25E451250DF" value="true"/>
</engineerTo>
<pk>true</pk>
<usedAttributes>
<attributeRef>F282D4F6-C2EF-E36D-E95E-84879A89E849</attributeRef>
</usedAttributes>
</identifier>
</identifiers>
</Entity>