<?xml version = '1.0' encoding = 'UTF-8'?>
<Entity class="oracle.dbtools.crest.model.design.logical.Entity" directorySegmentName="seg_0" id="D312998B-C452-E706-2423-6BE8729F1181" name="AUTENTICA">
<createdBy>labsfiap</createdBy>
<createdTime>2024-09-23 11:24:03 UTC</createdTime>
<ownerDesignName>aula05</ownerDesignName>
<engineerTo>
<item key="2FBD8A3D-1B9D-732D-582E-F25E451250DF" value="true"/>
</engineerTo>
<adequatelyNormalized>NO</adequatelyNormalized>
<expectedVolumes>0</expectedVolumes>
<fwdEngineeringStrategyName>Single Table</fwdEngineeringStrategyName>
<growthPercent>0</growthPercent>
<growthType>Year</growthType>
<maxVolumes>9999999</maxVolumes>
<minVolumes>0</minVolumes>
<normalForm>Third</normalForm>
<attributes itemClass="oracle.dbtools.crest.model.design.logical.Attribute">
<Attribute name="id_autentica" id="0EB9FD01-DF69-DFF8-85BD-79D85E459F59">
<createdBy>labsfiap</createdBy>
<createdTime>2024-09-23 11:24:11 UTC</createdTime>
<ownerDesignName>aula05</ownerDesignName>
<engineerTo>
<item key="2FBD8A3D-1B9D-732D-582E-F25E451250DF" value="true"/>
</engineerTo>
<use>0</use>
<ownDataTypeParameters>,,</ownDataTypeParameters>
</Attribute>
<Attribute name="senha" id="43D4F1DB-F0E3-A49B-0A5F-296787B24C0D">
<createdBy>labsfiap</createdBy>
<createdTime>2024-09-23 11:24:35 UTC</createdTime>
<ownerDesignName>aula05</ownerDesignName>
<engineerTo>
<item key="2FBD8A3D-1B9D-732D-582E-F25E451250DF" value="true"/>
</engineerTo>
<use>0</use>
<ownDataTypeParameters>,,</ownDataTypeParameters>
</Attribute>
<Attribute name="login" id="31ADBD08-6ABE-43D6-9D90-9D9EC9A44BE0">
<createdBy>labsfiap</createdBy>
<createdTime>2024-09-23 11:24:39 UTC</createdTime>
<ownerDesignName>aula05</ownerDesignName>
<engineerTo>
<item key="2FBD8A3D-1B9D-732D-582E-F25E451250DF" value="true"/>
</engineerTo>
<use>0</use>
<ownDataTypeParameters>,,</ownDataTypeParameters>
</Attribute>
</attributes>
<identifiers itemClass="oracle.dbtools.crest.model.design.logical.CandidateKey">
<identifier id="24033E41-C7AD-C41C-ADD4-F95A35D6C074" name="AUTENTICA PK">
<createdBy>labsfiap</createdBy>
<createdTime>2024-09-23 11:24:34 UTC</createdTime>
<ownerDesignName>aula05</ownerDesignName>
<engineerTo>
<item key="2FBD8A3D-1B9D-732D-582E-F25E451250DF" value="true"/>
</engineerTo>
<pk>true</pk>
<usedAttributes>
<attributeRef>0EB9FD01-DF69-DFF8-85BD-79D85E459F59</attributeRef>
</usedAttributes>
</identifier>
</identifiers>
</Entity>