<?xml version = '1.0' encoding = 'UTF-8'?>
<Entity class="oracle.dbtools.crest.model.design.logical.Entity" directorySegmentName="seg_0" id="DFF75482-787A-6590-177D-70CEC1B9C0BC" name="DISCIPLINA">
<createdBy>labsfiap</createdBy>
<createdTime>2024-09-23 11:04:55 UTC</createdTime>
<ownerDesignName>aula05</ownerDesignName>
<engineerTo>
<item key="2FBD8A3D-1B9D-732D-582E-F25E451250DF" value="true"/>
</engineerTo>
<adequatelyNormalized>NO</adequatelyNormalized>
<expectedVolumes>0</expectedVolumes>
<fwdEngineeringStrategyName>Single Table</fwdEngineeringStrategyName>
<growthPercent>0</growthPercent>
<growthType>Year</growthType>
<maxVolumes>9999999</maxVolumes>
<minVolumes>0</minVolumes>
<normalForm>Third</normalForm>
<attributes itemClass="oracle.dbtools.crest.model.design.logical.Attribute">
<Attribute name="id_disciplina" id="43904EC5-BBA7-86BF-032D-D5C2CF5E0CBA">
<createdBy>labsfiap</createdBy>
<createdTime>2024-09-23 11:22:52 UTC</createdTime>
<ownerDesignName>aula05</ownerDesignName>
<engineerTo>
<item key="2FBD8A3D-1B9D-732D-582E-F25E451250DF" value="true"/>
</engineerTo>
<use>0</use>
<ownDataTypeParameters>,,</ownDataTypeParameters>
</Attribute>
<Attribute name="nome" id="F6E3A368-4288-76EC-43B7-2EE3075C3697">
<createdBy>labsfiap</createdBy>
<createdTime>2024-09-23 11:23:14 UTC</createdTime>
<ownerDesignName>aula05</ownerDesignName>
<engineerTo>
<item key="2FBD8A3D-1B9D-732D-582E-F25E451250DF" value="true"/>
</engineerTo>
<use>0</use>
<ownDataTypeParameters>,,</ownDataTypeParameters>
</Attribute>
<Attribute name="carga_horaria" id="EB267FCC-4625-288E-758B-916706AD1101">
<createdBy>labsfiap</createdBy>
<createdTime>2024-09-23 11:23:20 UTC</createdTime>
<ownerDesignName>aula05</ownerDesignName>
<engineerTo>
<item key="2FBD8A3D-1B9D-732D-582E-F25E451250DF" value="true"/>
</engineerTo>
<use>0</use>
<ownDataTypeParameters>,,</ownDataTypeParameters>
</Attribute>
<Attribute name="plano_ensino" id="9D1B11B9-ECE8-DD5C-3BC1-1A120A0E977F">
<createdBy>labsfiap</createdBy>
<createdTime>2024-09-23 11:23:28 UTC</createdTime>
<ownerDesignName>aula05</ownerDesignName>
<engineerTo>
<item key="2FBD8A3D-1B9D-732D-582E-F25E451250DF" value="true"/>
</engineerTo>
<use>0</use>
<ownDataTypeParameters>,,</ownDataTypeParameters>
</Attribute>
<Attribute name="id_curso" id="9E3603DC-C78F-DCA2-CCF9-339FC04F5748">
<createdBy>labsfiap</createdBy>
<createdTime>2024-09-23 11:31:03 UTC</createdTime>
<generatorID>0ED6379B-9E91-556F-6858-5E988CC8DD94</generatorID>
<ownerDesignName>aula05</ownerDesignName>
<engineerTo>
<item key="2FBD8A3D-1B9D-732D-582E-F25E451250DF" value="true"/>
</engineerTo>
<referedAttribute>E735A1E9-7497-032D-1A2D-7B7A9DC5127C</referedAttribute>
<use>0</use>
<ownDataTypeParameters>,,</ownDataTypeParameters>
</Attribute>
</attributes>
<identifiers itemClass="oracle.dbtools.crest.model.design.logical.CandidateKey">
<identifier id="136F85FD-04E0-77DB-13E8-80F6A56CABC6" name="DISCIPLINA PK">
<createdBy>labsfiap</createdBy>
<createdTime>2024-09-23 11:23:12 UTC</createdTime>
<ownerDesignName>aula05</ownerDesignName>
<engineerTo>
<item key="2FBD8A3D-1B9D-732D-582E-F25E451250DF" value="true"/>
</engineerTo>
<pk>true</pk>
<usedAttributes>
<attributeRef>43904EC5-BBA7-86BF-032D-D5C2CF5E0CBA</attributeRef>
</usedAttributes>
</identifier>
</identifiers>
</Entity>