<?xml version = '1.0' encoding = 'UTF-8'?>
<Entity class="oracle.dbtools.crest.model.design.logical.Entity" directorySegmentName="seg_0" id="E0125E9D-5458-7161-2236-3F9C1E54801C" name="GRADE">
<createdBy>labsfiap</createdBy>
<createdTime>2024-09-23 11:06:21 UTC</createdTime>
<ownerDesignName>aula05</ownerDesignName>
<engineerTo>
<item key="2FBD8A3D-1B9D-732D-582E-F25E451250DF" value="true"/>
</engineerTo>
<adequatelyNormalized>NO</adequatelyNormalized>
<expectedVolumes>0</expectedVolumes>
<fwdEngineeringStrategyName>Single Table</fwdEngineeringStrategyName>
<growthPercent>0</growthPercent>
<growthType>Year</growthType>
<maxVolumes>9999999</maxVolumes>
<minVolumes>0</minVolumes>
<normalForm>Third</normalForm>
<attributes itemClass="oracle.dbtools.crest.model.design.logical.Attribute">
<Attribute name="id_grade" id="C9474710-61D7-CC34-4C0A-798FB4D1CD02">
<createdBy>labsfiap</createdBy>
<createdTime>2024-09-23 11:17:58 UTC</createdTime>
<ownerDesignName>aula05</ownerDesignName>
<engineerTo>
<item key="2FBD8A3D-1B9D-732D-582E-F25E451250DF" value="true"/>
</engineerTo>
<use>0</use>
<ownDataTypeParameters>,,</ownDataTypeParameters>
</Attribute>
<Attribute name="hora_inicio" id="19708127-A80D-ED62-C08E-77BC99223F22">
<createdBy>labsfiap</createdBy>
<createdTime>2024-09-23 11:18:56 UTC</createdTime>
<ownerDesignName>aula05</ownerDesignName>
<engineerTo>
<item key="2FBD8A3D-1B9D-732D-582E-F25E451250DF" value="true"/>
</engineerTo>
<use>0</use>
<ownDataTypeParameters>,,</ownDataTypeParameters>
</Attribute>
<Attribute name="hora_fim" id="DA88F770-E90D-F4F2-0295-E0CD69E00C02">
<createdBy>labsfiap</createdBy>
<createdTime>2024-09-23 11:19:16 UTC</createdTime>
<ownerDesignName>aula05</ownerDesignName>
<engineerTo>
<item key="2FBD8A3D-1B9D-732D-582E-F25E451250DF" value="true"/>
</engineerTo>
<use>0</use>
<ownDataTypeParameters>,,</ownDataTypeParameters>
</Attribute>
<Attribute name="sala" id="BD3130C7-31D0-CBFC-2D2E-AAFB890D7A48">
<createdBy>labsfiap</createdBy>
<createdTime>2024-09-23 11:19:29 UTC</createdTime>
<ownerDesignName>aula05</ownerDesignName>
<engineerTo>
<item key="2FBD8A3D-1B9D-732D-582E-F25E451250DF" value="true"/>
</engineerTo>
<use>0</use>
<ownDataTypeParameters>,,</ownDataTypeParameters>
</Attribute>
<Attribute name="andar" id="4F1487A4-6598-A142-EB2D-AB813624BEE9">
<createdBy>labsfiap</createdBy>
<createdTime>2024-09-23 11:19:48 UTC</createdTime>
<ownerDesignName>aula05</ownerDesignName>
<engineerTo>
<item key="2FBD8A3D-1B9D-732D-582E-F25E451250DF" value="true"/>
</engineerTo>
<use>0</use>
<ownDataTypeParameters>,,</ownDataTypeParameters>
</Attribute>
<Attribute name="id_professor" id="98E33C9F-0E06-2A25-514E-B969601F4774">
<createdBy>labsfiap</createdBy>
<createdTime>2024-09-23 11:31:45 UTC</createdTime>
<generatorID>B47C1368-2313-B837-31DC-22B9D6418AAA</generatorID>
<ownerDesignName>aula05</ownerDesignName>
<engineerTo>
<item key="2FBD8A3D-1B9D-732D-582E-F25E451250DF" value="true"/>
</engineerTo>
<referedAttribute>BD71DE4E-4471-1B51-B9A4-467762B34D5E</referedAttribute>
<use>0</use>
<ownDataTypeParameters>,,</ownDataTypeParameters>
</Attribute>
<Attribute name="id_turma" id="7692F931-CB51-B1EC-617C-FFB9BE1D9481">
<createdBy>labsfiap</createdBy>
<createdTime>2024-09-23 11:32:56 UTC</createdTime>
<generatorID>E866FE48-C615-F2C3-3F83-1DA9F1BA6B76</generatorID>
<ownerDesignName>aula05</ownerDesignName>
<engineerTo>
<item key="2FBD8A3D-1B9D-732D-582E-F25E451250DF" value="true"/>
</engineerTo>
<referedAttribute>22330F31-8A8A-C904-C40A-C97C2B56DCC1</referedAttribute>
<use>0</use>
<ownDataTypeParameters>,,</ownDataTypeParameters>
</Attribute>
<Attribute name="id_disciplina" id="7645300B-35D9-6468-6AC4-609ED2AE4B34">
<createdBy>labsfiap</createdBy>
<createdTime>2024-09-23 11:33:42 UTC</createdTime>
<generatorID>FF0B6699-526F-EB32-B60A-32E2CF10732B</generatorID>
<ownerDesignName>aula05</ownerDesignName>
<engineerTo>
<item key="2FBD8A3D-1B9D-732D-582E-F25E451250DF" value="true"/>
</engineerTo>
<referedAttribute>43904EC5-BBA7-86BF-032D-D5C2CF5E0CBA</referedAttribute>
<use>0</use>
<ownDataTypeParameters>,,</ownDataTypeParameters>
</Attribute>
</attributes>
<identifiers itemClass="oracle.dbtools.crest.model.design.logical.CandidateKey">
<identifier id="320ADD8F-AE26-C872-AD99-395F2C82E9E8" name="GRADE PK">
<createdBy>labsfiap</createdBy>
<createdTime>2024-09-23 11:18:41 UTC</createdTime>
<ownerDesignName>aula05</ownerDesignName>
<engineerTo>
<item key="2FBD8A3D-1B9D-732D-582E-F25E451250DF" value="true"/>
</engineerTo>
<pk>true</pk>
<usedAttributes>
<attributeRef>C9474710-61D7-CC34-4C0A-798FB4D1CD02</attributeRef>
</usedAttributes>
</identifier>
</identifiers>
</Entity>