<?xml version = '1.0' encoding = 'UTF-8'?>
<Entity class="oracle.dbtools.crest.model.design.logical.Entity" directorySegmentName="seg_0" id="E1C3C732-A518-61D1-E694-6029E080179D" name="PROFESSOR">
<createdBy>labsfiap</createdBy>
<createdTime>2024-09-23 11:05:11 UTC</createdTime>
<ownerDesignName>aula05</ownerDesignName>
<engineerTo>
<item key="2FBD8A3D-1B9D-732D-582E-F25E451250DF" value="true"/>
</engineerTo>
<adequatelyNormalized>NO</adequatelyNormalized>
<expectedVolumes>0</expectedVolumes>
<fwdEngineeringStrategyName>Single Table</fwdEngineeringStrategyName>
<growthPercent>0</growthPercent>
<growthType>Year</growthType>
<maxVolumes>9999999</maxVolumes>
<minVolumes>0</minVolumes>
<normalForm>Third</normalForm>
<attributes itemClass="oracle.dbtools.crest.model.design.logical.Attribute">
<Attribute name="nome" id="73A7EEC9-2A2E-7128-CEB2-A13273233F90">
<createdBy>labsfiap</createdBy>
<createdTime>2024-09-23 11:16:37 UTC</createdTime>
<ownerDesignName>aula05</ownerDesignName>
<engineerTo>
<item key="2FBD8A3D-1B9D-732D-582E-F25E451250DF" value="true"/>
</engineerTo>
<use>0</use>
<ownDataTypeParameters>,,</ownDataTypeParameters>
</Attribute>
<Attribute name="id_professor" id="BD71DE4E-4471-1B51-B9A4-467762B34D5E">
<createdBy>labsfiap</createdBy>
<createdTime>2024-09-23 11:16:42 UTC</createdTime>
<ownerDesignName>aula05</ownerDesignName>
<engineerTo>
<item key="2FBD8A3D-1B9D-732D-582E-F25E451250DF" value="true"/>
</engineerTo>
<use>0</use>
<ownDataTypeParameters>,,</ownDataTypeParameters>
</Attribute>
<Attribute name="cpf" id="44DDBC23-B9B4-867F-3D7B-5E5F0386149D">
<createdBy>labsfiap</createdBy>
<createdTime>2024-09-23 11:16:52 UTC</createdTime>
<ownerDesignName>aula05</ownerDesignName>
<engineerTo>
<item key="2FBD8A3D-1B9D-732D-582E-F25E451250DF" value="true"/>
</engineerTo>
<use>0</use>
<ownDataTypeParameters>,,</ownDataTypeParameters>
</Attribute>
<Attribute name="data_nascimento" id="C479E455-243F-14D1-607A-6B0ECD2D22AE">
<createdBy>labsfiap</createdBy>
<createdTime>2024-09-23 11:17:01 UTC</createdTime>
<ownerDesignName>aula05</ownerDesignName>
<engineerTo>
<item key="2FBD8A3D-1B9D-732D-582E-F25E451250DF" value="true"/>
</engineerTo>
<use>0</use>
<ownDataTypeParameters>,,</ownDataTypeParameters>
</Attribute>
<Attribute name="genero" id="A2DF8BE0-5541-75C9-BEC8-6E4DF3AACB4D">
<createdBy>labsfiap</createdBy>
<createdTime>2024-09-23 11:17:11 UTC</createdTime>
<ownerDesignName>aula05</ownerDesignName>
<engineerTo>
<item key="2FBD8A3D-1B9D-732D-582E-F25E451250DF" value="true"/>
</engineerTo>
<nullsAllowed>true</nullsAllowed>
<use>0</use>
<ownDataTypeParameters>,,</ownDataTypeParameters>
</Attribute>
<Attribute name="id_autentica" id="C291CFE8-0F9E-F285-48FF-826C88D5AC5B">
<createdBy>labsfiap</createdBy>
<createdTime>2024-09-23 11:29:00 UTC</createdTime>
<generatorID>0FA69F0D-37B1-FEE3-0FFC-9E81A126C97B</generatorID>
<ownerDesignName>aula05</ownerDesignName>
<engineerTo>
<item key="2FBD8A3D-1B9D-732D-582E-F25E451250DF" value="true"/>
</engineerTo>
<referedAttribute>0EB9FD01-DF69-DFF8-85BD-79D85E459F59</referedAttribute>
<use>0</use>
<ownDataTypeParameters>,,</ownDataTypeParameters>
</Attribute>
</attributes>
<identifiers itemClass="oracle.dbtools.crest.model.design.logical.CandidateKey">
<identifier id="61A2A197-DFBE-6E28-A6F5-37ECB27D1CC7" name="PROFESSOR PK">
<createdBy>labsfiap</createdBy>
<createdTime>2024-09-23 11:16:49 UTC</createdTime>
<ownerDesignName>aula05</ownerDesignName>
<engineerTo>
<item key="2FBD8A3D-1B9D-732D-582E-F25E451250DF" value="true"/>
</engineerTo>
<pk>true</pk>
<usedAttributes>
<attributeRef>BD71DE4E-4471-1B51-B9A4-467762B34D5E</attributeRef>
</usedAttributes>
</identifier>
</identifiers>
</Entity>