<?xml version = '1.0' encoding = 'UTF-8'?>
<Entity class="oracle.dbtools.crest.model.design.logical.Entity" directorySegmentName="seg_0" id="04364E39-4D32-0DEE-AE9A-3B7EB6C236F7" name="PRODUTOS">
<createdBy>labsfiap</createdBy>
<createdTime>2024-09-23 12:08:32 UTC</createdTime>
<ownerDesignName>aula06</ownerDesignName>
<engineerTo>
<item key="B4EC7678-6D4C-7AEC-40DC-E91871E981AB" value="true"/>
</engineerTo>
<adequatelyNormalized>NO</adequatelyNormalized>
<expectedVolumes>0</expectedVolumes>
<fwdEngineeringStrategyName>Single Table</fwdEngineeringStrategyName>
<growthPercent>0</growthPercent>
<growthType>Year</growthType>
<maxVolumes>9999999</maxVolumes>
<minVolumes>0</minVolumes>
<normalForm>Third</normalForm>
<attributes itemClass="oracle.dbtools.crest.model.design.logical.Attribute">
<Attribute name="id_pedidos" id="7E897EC2-4521-A36A-0112-CA4C31AA4ECE">
<createdBy>labsfiap</createdBy>
<createdTime>2024-09-23 12:09:25 UTC</createdTime>
<ownerDesignName>aula06</ownerDesignName>
<engineerTo>
<item key="B4EC7678-6D4C-7AEC-40DC-E91871E981AB" value="true"/>
</engineerTo>
<use>0</use>
<ownDataTypeParameters>,,</ownDataTypeParameters>
</Attribute>
<Attribute name="comida" id="D36EFE09-3379-6F4A-73C7-A0F99716C601">
<createdBy>labsfiap</createdBy>
<createdTime>2024-09-23 12:09:33 UTC</createdTime>
<ownerDesignName>aula06</ownerDesignName>
<engineerTo>
<item key="B4EC7678-6D4C-7AEC-40DC-E91871E981AB" value="true"/>
</engineerTo>
<use>0</use>
<ownDataTypeParameters>,,</ownDataTypeParameters>
</Attribute>
<Attribute name="bebida" id="258DC21B-1C15-47CF-848B-18806D0995DE">
<createdBy>labsfiap</createdBy>
<createdTime>2024-09-23 12:09:37 UTC</createdTime>
<ownerDesignName>aula06</ownerDesignName>
<engineerTo>
<item key="B4EC7678-6D4C-7AEC-40DC-E91871E981AB" value="true"/>
</engineerTo>
<use>0</use>
<ownDataTypeParameters>,,</ownDataTypeParameters>
</Attribute>
<Attribute name="descricao" id="F8D93572-6BB1-662C-725B-A0A64B08ACB1">
<createdBy>labsfiap</createdBy>
<createdTime>2024-09-23 12:09:44 UTC</createdTime>
<ownerDesignName>aula06</ownerDesignName>
<engineerTo>
<item key="B4EC7678-6D4C-7AEC-40DC-E91871E981AB" value="true"/>
</engineerTo>
<use>0</use>
<ownDataTypeParameters>,,</ownDataTypeParameters>
</Attribute>
<Attribute name="id_restaurantesparceiros" id="8B2C97C4-5B13-9411-27C3-9AF5C14B7DBC">
<createdBy>labsfiap</createdBy>
<createdTime>2024-09-23 12:36:44 UTC</createdTime>
<generatorID>1C86C5B6-EACA-E197-94CA-97B3CB47DA56</generatorID>
<ownerDesignName>aula06</ownerDesignName>
<engineerTo>
<item key="B4EC7678-6D4C-7AEC-40DC-E91871E981AB" value="true"/>
</engineerTo>
<referedAttribute>FD0DB161-CECD-2934-69E8-C13AB6BB4D97</referedAttribute>
<use>0</use>
<ownDataTypeParameters>,,</ownDataTypeParameters>
</Attribute>
</attributes>
<identifiers itemClass="oracle.dbtools.crest.model.design.logical.CandidateKey">
<identifier id="16B2AB5A-4B78-699A-5823-59262F690B64" name="PRODUTOS PK">
<createdBy>labsfiap</createdBy>
<createdTime>2024-09-23 12:09:33 UTC</createdTime>
<ownerDesignName>aula06</ownerDesignName>
<engineerTo>
<item key="B4EC7678-6D4C-7AEC-40DC-E91871E981AB" value="true"/>
</engineerTo>
<pk>true</pk>
<usedAttributes>
<attributeRef>7E897EC2-4521-A36A-0112-CA4C31AA4ECE</attributeRef>
</usedAttributes>
</identifier>
</identifiers>
</Entity>