<?xml version = '1.0' encoding = 'UTF-8'?>
<Entity class="oracle.dbtools.crest.model.design.logical.Entity" directorySegmentName="seg_0" id="2207D25B-7B50-9A82-E66A-F1131F2A4206" name="CLIENTE">
<createdBy>labsfiap</createdBy>
<createdTime>2024-09-23 11:48:21 UTC</createdTime>
<ownerDesignName>aula06</ownerDesignName>
<engineerTo>
<item key="B4EC7678-6D4C-7AEC-40DC-E91871E981AB" value="true"/>
</engineerTo>
<adequatelyNormalized>NO</adequatelyNormalized>
<expectedVolumes>0</expectedVolumes>
<fwdEngineeringStrategyName>Single Table</fwdEngineeringStrategyName>
<growthPercent>0</growthPercent>
<growthType>Year</growthType>
<maxVolumes>9999999</maxVolumes>
<minVolumes>0</minVolumes>
<normalForm>Third</normalForm>
<attributes itemClass="oracle.dbtools.crest.model.design.logical.Attribute">
<Attribute name="id_cliente" id="0E33992E-7497-B567-28CC-6556D2509F60">
<createdBy>labsfiap</createdBy>
<createdTime>2024-09-23 11:55:00 UTC</createdTime>
<ownerDesignName>aula06</ownerDesignName>
<engineerTo>
<item key="B4EC7678-6D4C-7AEC-40DC-E91871E981AB" value="true"/>
</engineerTo>
<use>0</use>
<ownDataTypeParameters>,,</ownDataTypeParameters>
</Attribute>
<Attribute name="nome_cliente" id="9397F251-A061-030B-DF81-E87D0C386378">
<createdBy>labsfiap</createdBy>
<createdTime>2024-09-23 11:55:11 UTC</createdTime>
<ownerDesignName>aula06</ownerDesignName>
<engineerTo>
<item key="B4EC7678-6D4C-7AEC-40DC-E91871E981AB" value="true"/>
</engineerTo>
<use>0</use>
<ownDataTypeParameters>,,</ownDataTypeParameters>
</Attribute>
<Attribute name="cpf" id="CA64719C-138F-B4E7-B4EA-AA2B71739F48">
<createdBy>labsfiap</createdBy>
<createdTime>2024-09-23 11:55:25 UTC</createdTime>
<ownerDesignName>aula06</ownerDesignName>
<engineerTo>
<item key="B4EC7678-6D4C-7AEC-40DC-E91871E981AB" value="true"/>
</engineerTo>
<use>0</use>
<ownDataTypeParameters>,,</ownDataTypeParameters>
</Attribute>
<Attribute name="genero" id="820FC3DC-BFA2-AEE5-1FA9-D16458464378">
<createdBy>labsfiap</createdBy>
<createdTime>2024-09-23 11:55:30 UTC</createdTime>
<ownerDesignName>aula06</ownerDesignName>
<engineerTo>
<item key="B4EC7678-6D4C-7AEC-40DC-E91871E981AB" value="true"/>
</engineerTo>
<nullsAllowed>true</nullsAllowed>
<use>0</use>
<ownDataTypeParameters>,,</ownDataTypeParameters>
</Attribute>
<Attribute name="data_nascimento" id="26CE6133-BD3D-6AB5-9E77-588E91A13F00">
<createdBy>labsfiap</createdBy>
<createdTime>2024-09-23 11:55:58 UTC</createdTime>
<ownerDesignName>aula06</ownerDesignName>
<engineerTo>
<item key="B4EC7678-6D4C-7AEC-40DC-E91871E981AB" value="true"/>
</engineerTo>
<nullsAllowed>true</nullsAllowed>
<use>0</use>
<ownDataTypeParameters>,,</ownDataTypeParameters>
</Attribute>
<Attribute name="id_restaurantesparceiros" id="8C337A0A-2C3B-0C0E-6632-BCE4F0F5A1A6">
<createdBy>labsfiap</createdBy>
<createdTime>2024-09-23 12:34:57 UTC</createdTime>
<generatorID>A4054AD2-1F12-16B9-F999-0135BC766077</generatorID>
<ownerDesignName>aula06</ownerDesignName>
<engineerTo>
<item key="B4EC7678-6D4C-7AEC-40DC-E91871E981AB" value="true"/>
</engineerTo>
<referedAttribute>FD0DB161-CECD-2934-69E8-C13AB6BB4D97</referedAttribute>
<use>0</use>
<ownDataTypeParameters>,,</ownDataTypeParameters>
</Attribute>
</attributes>
<identifiers itemClass="oracle.dbtools.crest.model.design.logical.CandidateKey">
<identifier id="17F887F9-B310-8E80-B773-CC8955B22209" name="CLIENTE PK">
<createdBy>labsfiap</createdBy>
<createdTime>2024-09-23 11:55:09 UTC</createdTime>
<ownerDesignName>aula06</ownerDesignName>
<engineerTo>
<item key="B4EC7678-6D4C-7AEC-40DC-E91871E981AB" value="true"/>
</engineerTo>
<pk>true</pk>
<usedAttributes>
<attributeRef>0E33992E-7497-B567-28CC-6556D2509F60</attributeRef>
</usedAttributes>
</identifier>
</identifiers>
</Entity>