<?xml version = '1.0' encoding = 'UTF-8'?>
<Entity class="oracle.dbtools.crest.model.design.logical.Entity" directorySegmentName="seg_0" id="4C800AF9-049E-32A4-2393-37800869B28E" name="ENTREGADOR">
<createdBy>labsfiap</createdBy>
<createdTime>2024-09-23 12:01:44 UTC</createdTime>
<ownerDesignName>aula06</ownerDesignName>
<engineerTo>
<item key="B4EC7678-6D4C-7AEC-40DC-E91871E981AB" value="true"/>
</engineerTo>
<adequatelyNormalized>NO</adequatelyNormalized>
<expectedVolumes>0</expectedVolumes>
<fwdEngineeringStrategyName>Single Table</fwdEngineeringStrategyName>
<growthPercent>0</growthPercent>
<growthType>Year</growthType>
<maxVolumes>9999999</maxVolumes>
<minVolumes>0</minVolumes>
<normalForm>Third</normalForm>
<attributes itemClass="oracle.dbtools.crest.model.design.logical.Attribute">
<Attribute name="id_entregador" id="A28AF1F1-E498-8A1A-CF89-742D64427901">
<createdBy>labsfiap</createdBy>
<createdTime>2024-09-23 12:03:08 UTC</createdTime>
<ownerDesignName>aula06</ownerDesignName>
<engineerTo>
<item key="B4EC7678-6D4C-7AEC-40DC-E91871E981AB" value="true"/>
</engineerTo>
<use>0</use>
<ownDataTypeParameters>,,</ownDataTypeParameters>
</Attribute>
<Attribute name="cpf" id="51CD7808-1290-0F37-8850-D8C515616A98">
<createdBy>labsfiap</createdBy>
<createdTime>2024-09-23 12:03:26 UTC</createdTime>
<ownerDesignName>aula06</ownerDesignName>
<engineerTo>
<item key="B4EC7678-6D4C-7AEC-40DC-E91871E981AB" value="true"/>
</engineerTo>
<use>0</use>
<ownDataTypeParameters>,,</ownDataTypeParameters>
</Attribute>
<Attribute name="genero" id="50DB2410-AC15-E400-0161-03A67CA34009">
<createdBy>labsfiap</createdBy>
<createdTime>2024-09-23 12:03:54 UTC</createdTime>
<ownerDesignName>aula06</ownerDesignName>
<engineerTo>
<item key="B4EC7678-6D4C-7AEC-40DC-E91871E981AB" value="true"/>
</engineerTo>
<use>0</use>
<ownDataTypeParameters>,,</ownDataTypeParameters>
</Attribute>
<Attribute name="veículo" id="FE05C984-A2C0-81A1-EC27-EE72479B1948">
<createdBy>labsfiap</createdBy>
<createdTime>2024-09-23 12:03:33 UTC</createdTime>
<ownerDesignName>aula06</ownerDesignName>
<engineerTo>
<item key="B4EC7678-6D4C-7AEC-40DC-E91871E981AB" value="true"/>
</engineerTo>
<use>0</use>
<ownDataTypeParameters>,,</ownDataTypeParameters>
</Attribute>
<Attribute name="pedidos" id="525AED4A-91F9-7A7C-6FB9-BB2840F776B2">
<createdBy>labsfiap</createdBy>
<createdTime>2024-09-23 12:03:47 UTC</createdTime>
<ownerDesignName>aula06</ownerDesignName>
<engineerTo>
<item key="B4EC7678-6D4C-7AEC-40DC-E91871E981AB" value="true"/>
</engineerTo>
<use>0</use>
<ownDataTypeParameters>,,</ownDataTypeParameters>
</Attribute>
</attributes>
<identifiers itemClass="oracle.dbtools.crest.model.design.logical.CandidateKey">
<identifier id="32FEAA7A-99DF-FE09-279E-447A778961CD" name="ENTREGADOR PK">
<createdBy>labsfiap</createdBy>
<createdTime>2024-09-23 12:03:25 UTC</createdTime>
<ownerDesignName>aula06</ownerDesignName>
<engineerTo>
<item key="B4EC7678-6D4C-7AEC-40DC-E91871E981AB" value="true"/>
</engineerTo>
<pk>true</pk>
<usedAttributes>
<attributeRef>A28AF1F1-E498-8A1A-CF89-742D64427901</attributeRef>
</usedAttributes>
</identifier>
</identifiers>
</Entity>