<?xml version = '1.0' encoding = 'UTF-8'?>
<Entity class="oracle.dbtools.crest.model.design.logical.Entity" directorySegmentName="seg_0" id="5CA9823B-9A94-2606-911D-DE1792C656BE" name="RESTAURANTE PARCEIRO">
<createdBy>labsfiap</createdBy>
<createdTime>2024-09-23 11:47:22 UTC</createdTime>
<ownerDesignName>aula06</ownerDesignName>
<engineerTo>
<item key="B4EC7678-6D4C-7AEC-40DC-E91871E981AB" value="true"/>
</engineerTo>
<adequatelyNormalized>NO</adequatelyNormalized>
<expectedVolumes>0</expectedVolumes>
<fwdEngineeringStrategyName>Single Table</fwdEngineeringStrategyName>
<growthPercent>0</growthPercent>
<growthType>Year</growthType>
<maxVolumes>9999999</maxVolumes>
<minVolumes>0</minVolumes>
<normalForm>Third</normalForm>
<attributes itemClass="oracle.dbtools.crest.model.design.logical.Attribute">
<Attribute name="id_restaurantesparceiros" id="FD0DB161-CECD-2934-69E8-C13AB6BB4D97">
<createdBy>labsfiap</createdBy>
<createdTime>2024-09-23 11:51:50 UTC</createdTime>
<ownerDesignName>aula06</ownerDesignName>
<engineerTo>
<item key="B4EC7678-6D4C-7AEC-40DC-E91871E981AB" value="true"/>
</engineerTo>
<use>0</use>
<ownDataTypeParameters>,,</ownDataTypeParameters>
</Attribute>
<Attribute name="nome_restaurante" id="0DECBF92-2D31-0546-9497-856AFB11F642">
<createdBy>labsfiap</createdBy>
<createdTime>2024-09-23 11:53:10 UTC</createdTime>
<ownerDesignName>aula06</ownerDesignName>
<engineerTo>
<item key="B4EC7678-6D4C-7AEC-40DC-E91871E981AB" value="true"/>
</engineerTo>
<nullsAllowed>true</nullsAllowed>
<use>0</use>
<ownDataTypeParameters>,,</ownDataTypeParameters>
</Attribute>
<Attribute name="pratos" id="EC588911-3B6B-0E3D-E09A-BF09A224B7CF">
<createdBy>labsfiap</createdBy>
<createdTime>2024-09-23 11:52:16 UTC</createdTime>
<ownerDesignName>aula06</ownerDesignName>
<engineerTo>
<item key="B4EC7678-6D4C-7AEC-40DC-E91871E981AB" value="true"/>
</engineerTo>
<use>0</use>
<ownDataTypeParameters>,,</ownDataTypeParameters>
</Attribute>
<Attribute name="endereço" id="CDB2E919-10F1-8FE0-DEFB-879BB6EACC23">
<createdBy>labsfiap</createdBy>
<createdTime>2024-09-23 11:53:27 UTC</createdTime>
<ownerDesignName>aula06</ownerDesignName>
<engineerTo>
<item key="B4EC7678-6D4C-7AEC-40DC-E91871E981AB" value="true"/>
</engineerTo>
<use>0</use>
<ownDataTypeParameters>,,</ownDataTypeParameters>
</Attribute>
<Attribute name="rua" id="38697CF3-61DF-638F-CAAE-6EA96052F584">
<createdBy>labsfiap</createdBy>
<createdTime>2024-09-23 11:53:54 UTC</createdTime>
<ownerDesignName>aula06</ownerDesignName>
<engineerTo>
<item key="B4EC7678-6D4C-7AEC-40DC-E91871E981AB" value="true"/>
</engineerTo>
<use>0</use>
<ownDataTypeParameters>,,</ownDataTypeParameters>
</Attribute>
<Attribute name="cidade" id="F54AA9B9-6062-C4FB-FC04-8786BF9B6165">
<createdBy>labsfiap</createdBy>
<createdTime>2024-09-23 11:54:32 UTC</createdTime>
<ownerDesignName>aula06</ownerDesignName>
<engineerTo>
<item key="B4EC7678-6D4C-7AEC-40DC-E91871E981AB" value="true"/>
</engineerTo>
<use>0</use>
<ownDataTypeParameters>,,</ownDataTypeParameters>
</Attribute>
</attributes>
<identifiers itemClass="oracle.dbtools.crest.model.design.logical.CandidateKey">
<identifier id="17F26AA8-4918-2401-DE5C-3D13DBD43533" name="RESTAURANTE PARCEIRO PK">
<createdBy>labsfiap</createdBy>
<createdTime>2024-09-23 11:52:14 UTC</createdTime>
<ownerDesignName>aula06</ownerDesignName>
<engineerTo>
<item key="B4EC7678-6D4C-7AEC-40DC-E91871E981AB" value="true"/>
</engineerTo>
<pk>true</pk>
<usedAttributes>
<attributeRef>FD0DB161-CECD-2934-69E8-C13AB6BB4D97</attributeRef>
</usedAttributes>
</identifier>
</identifiers>
</Entity>