<?xml version = '1.0' encoding = 'UTF-8'?>
<Entity class="oracle.dbtools.crest.model.design.logical.Entity" directorySegmentName="seg_0" id="632363C0-EA38-D021-63B0-84211507D34D" name="AVALIA_PEDIDO">
<createdBy>labsfiap</createdBy>
<createdTime>2024-09-23 12:30:15 UTC</createdTime>
<ownerDesignName>aula06</ownerDesignName>
<engineerTo>
<item key="B4EC7678-6D4C-7AEC-40DC-E91871E981AB" value="true"/>
</engineerTo>
<adequatelyNormalized>NO</adequatelyNormalized>
<expectedVolumes>0</expectedVolumes>
<fwdEngineeringStrategyName>Single Table</fwdEngineeringStrategyName>
<growthPercent>0</growthPercent>
<growthType>Year</growthType>
<maxVolumes>9999999</maxVolumes>
<minVolumes>0</minVolumes>
<normalForm>Third</normalForm>
<attributes itemClass="oracle.dbtools.crest.model.design.logical.Attribute">
<Attribute name="id_avaliapedido" id="AC0A24B8-05DA-7341-9BCD-ECAD0ACBC99D">
<createdBy>labsfiap</createdBy>
<createdTime>2024-09-23 12:34:06 UTC</createdTime>
<ownerDesignName>aula06</ownerDesignName>
<engineerTo>
<item key="B4EC7678-6D4C-7AEC-40DC-E91871E981AB" value="true"/>
</engineerTo>
<use>0</use>
<ownDataTypeParameters>,,</ownDataTypeParameters>
</Attribute>
<Attribute name="id_cliente" id="2E28BF22-0136-88D1-6CCE-0E6DCB6B481B">
<createdBy>labsfiap</createdBy>
<createdTime>2024-09-23 12:40:12 UTC</createdTime>
<generatorID>01F20F18-FE5E-3346-49B2-790838ED1601</generatorID>
<ownerDesignName>aula06</ownerDesignName>
<engineerTo>
<item key="B4EC7678-6D4C-7AEC-40DC-E91871E981AB" value="true"/>
</engineerTo>
<referedAttribute>0E33992E-7497-B567-28CC-6556D2509F60</referedAttribute>
<use>0</use>
<ownDataTypeParameters>,,</ownDataTypeParameters>
</Attribute>
</attributes>
<identifiers itemClass="oracle.dbtools.crest.model.design.logical.CandidateKey">
<identifier id="709E4D58-5E94-0995-3BBF-107004D9BFD8" name="AVALIA_PEDIDO PK">
<createdBy>labsfiap</createdBy>
<createdTime>2024-09-23 12:34:31 UTC</createdTime>
<ownerDesignName>aula06</ownerDesignName>
<engineerTo>
<item key="B4EC7678-6D4C-7AEC-40DC-E91871E981AB" value="true"/>
</engineerTo>
<pk>true</pk>
<usedAttributes>
<attributeRef>AC0A24B8-05DA-7341-9BCD-ECAD0ACBC99D</attributeRef>
</usedAttributes>
</identifier>
</identifiers>
</Entity>