<?xml version = '1.0' encoding = 'UTF-8'?>
<Entity class="oracle.dbtools.crest.model.design.logical.Entity" directorySegmentName="seg_0" id="750379D2-7FE8-92EF-2019-5DA98892DA04" name="PEDIDOS">
<createdBy>labsfiap</createdBy>
<createdTime>2024-09-23 11:48:55 UTC</createdTime>
<ownerDesignName>aula06</ownerDesignName>
<engineerTo>
<item key="B4EC7678-6D4C-7AEC-40DC-E91871E981AB" value="true"/>
</engineerTo>
<adequatelyNormalized>NO</adequatelyNormalized>
<expectedVolumes>0</expectedVolumes>
<fwdEngineeringStrategyName>Single Table</fwdEngineeringStrategyName>
<growthPercent>0</growthPercent>
<growthType>Year</growthType>
<maxVolumes>9999999</maxVolumes>
<minVolumes>0</minVolumes>
<normalForm>Third</normalForm>
<attributes itemClass="oracle.dbtools.crest.model.design.logical.Attribute">
<Attribute name="id_pedidos" id="2D1E32BD-428B-F215-94C1-A827147C7BF9">
<createdBy>labsfiap</createdBy>
<createdTime>2024-09-23 11:56:14 UTC</createdTime>
<ownerDesignName>aula06</ownerDesignName>
<engineerTo>
<item key="B4EC7678-6D4C-7AEC-40DC-E91871E981AB" value="true"/>
</engineerTo>
<use>0</use>
<ownDataTypeParameters>,,</ownDataTypeParameters>
</Attribute>
<Attribute name="comida" id="E003E919-72AD-BBF0-78D2-3A530ED5973E">
<createdBy>labsfiap</createdBy>
<createdTime>2024-09-23 11:56:30 UTC</createdTime>
<ownerDesignName>aula06</ownerDesignName>
<engineerTo>
<item key="B4EC7678-6D4C-7AEC-40DC-E91871E981AB" value="true"/>
</engineerTo>
<use>0</use>
<ownDataTypeParameters>,,</ownDataTypeParameters>
</Attribute>
<Attribute name="bebida" id="7415D18A-921F-9007-1520-0ED91C01CD22">
<createdBy>labsfiap</createdBy>
<createdTime>2024-09-23 11:56:46 UTC</createdTime>
<ownerDesignName>aula06</ownerDesignName>
<engineerTo>
<item key="B4EC7678-6D4C-7AEC-40DC-E91871E981AB" value="true"/>
</engineerTo>
<use>0</use>
<ownDataTypeParameters>,,</ownDataTypeParameters>
</Attribute>
<Attribute name="outros" id="53669935-6155-79CD-D631-600510A054B1">
<createdBy>labsfiap</createdBy>
<createdTime>2024-09-23 11:56:50 UTC</createdTime>
<ownerDesignName>aula06</ownerDesignName>
<engineerTo>
<item key="B4EC7678-6D4C-7AEC-40DC-E91871E981AB" value="true"/>
</engineerTo>
<use>0</use>
<ownDataTypeParameters>,,</ownDataTypeParameters>
</Attribute>
<Attribute name="id_cliente" id="F7FA0DDD-8936-BDFB-ACB1-E2E6E0844FAE">
<createdBy>labsfiap</createdBy>
<createdTime>2024-09-23 12:14:02 UTC</createdTime>
<generatorID>DA674AF4-BE44-8E0D-2DD5-D4270922DA64</generatorID>
<ownerDesignName>aula06</ownerDesignName>
<engineerTo>
<item key="B4EC7678-6D4C-7AEC-40DC-E91871E981AB" value="true"/>
</engineerTo>
<referedAttribute>0E33992E-7497-B567-28CC-6556D2509F60</referedAttribute>
<use>0</use>
<ownDataTypeParameters>,,</ownDataTypeParameters>
</Attribute>
<Attribute name="id_restaurantesparceiros" id="CB31AE17-0757-9DE6-3EA8-A97249D79F10">
<createdBy>labsfiap</createdBy>
<createdTime>2024-09-23 12:37:04 UTC</createdTime>
<generatorID>5EFEFEAD-B045-9840-D9C2-9B447FCE6A9A</generatorID>
<ownerDesignName>aula06</ownerDesignName>
<engineerTo>
<item key="B4EC7678-6D4C-7AEC-40DC-E91871E981AB" value="true"/>
</engineerTo>
<referedAttribute>FD0DB161-CECD-2934-69E8-C13AB6BB4D97</referedAttribute>
<use>0</use>
<ownDataTypeParameters>,,</ownDataTypeParameters>
</Attribute>
</attributes>
<identifiers itemClass="oracle.dbtools.crest.model.design.logical.CandidateKey">
<identifier id="414DF3F8-93B1-4627-7A85-60024BDBD875" name="PEDIDOS PK">
<createdBy>labsfiap</createdBy>
<createdTime>2024-09-23 11:56:29 UTC</createdTime>
<ownerDesignName>aula06</ownerDesignName>
<engineerTo>
<item key="B4EC7678-6D4C-7AEC-40DC-E91871E981AB" value="true"/>
</engineerTo>
<pk>true</pk>
<usedAttributes>
<attributeRef>2D1E32BD-428B-F215-94C1-A827147C7BF9</attributeRef>
</usedAttributes>
</identifier>
</identifiers>
</Entity>