<?xml version = '1.0' encoding = 'UTF-8'?>
<Entity class="oracle.dbtools.crest.model.design.logical.Entity" directorySegmentName="seg_0" id="84BD6135-10C7-FE7C-5EBE-FA826BC4F2F1" name="ITEM/PRODUTOS">
<createdBy>labsfiap</createdBy>
<createdTime>2024-09-23 12:23:51 UTC</createdTime>
<ownerDesignName>aula06</ownerDesignName>
<engineerTo>
<item key="B4EC7678-6D4C-7AEC-40DC-E91871E981AB" value="true"/>
</engineerTo>
<adequatelyNormalized>NO</adequatelyNormalized>
<expectedVolumes>0</expectedVolumes>
<fwdEngineeringStrategyName>Single Table</fwdEngineeringStrategyName>
<growthPercent>0</growthPercent>
<growthType>Year</growthType>
<maxVolumes>9999999</maxVolumes>
<minVolumes>0</minVolumes>
<normalForm>Third</normalForm>
<attributes itemClass="oracle.dbtools.crest.model.design.logical.Attribute">
<Attribute name="ID_entrega" id="BC7AF8E6-04C1-2BCD-E55C-3C4FDE9EC470">
<createdBy>labsfiap</createdBy>
<createdTime>2024-09-23 12:25:56 UTC</createdTime>
<generatorID>328CAF6D-DFE5-07B4-E5A0-8B3A6A1CAFA3</generatorID>
<ownerDesignName>aula06</ownerDesignName>
<engineerTo>
<item key="B4EC7678-6D4C-7AEC-40DC-E91871E981AB" value="true"/>
</engineerTo>
<referedAttribute>01215A5F-0FE9-44A8-D232-2D8997C6D02E</referedAttribute>
<use>0</use>
<ownDataTypeParameters>,,</ownDataTypeParameters>
</Attribute>
<Attribute name="id_pedidos" id="92D44EEC-4A41-38C1-ADA3-AF97A44AD76C">
<createdBy>labsfiap</createdBy>
<createdTime>2024-09-23 12:37:39 UTC</createdTime>
<generatorID>450A83B6-FBD9-98EB-21FD-288083F65B55</generatorID>
<ownerDesignName>aula06</ownerDesignName>
<engineerTo>
<item key="B4EC7678-6D4C-7AEC-40DC-E91871E981AB" value="true"/>
</engineerTo>
<referedAttribute>7E897EC2-4521-A36A-0112-CA4C31AA4ECE</referedAttribute>
<use>0</use>
<ownDataTypeParameters>,,</ownDataTypeParameters>
</Attribute>
<Attribute name="id_pedidos1" id="A2BA4D48-F89E-E4FA-3A4D-5D8390055473">
<createdBy>labsfiap</createdBy>
<createdTime>2024-09-23 12:46:42 UTC</createdTime>
<generatorID>D36D42E3-6E54-FB24-5F50-63D25B09D1A1</generatorID>
<ownerDesignName>aula06</ownerDesignName>
<engineerTo>
<item key="B4EC7678-6D4C-7AEC-40DC-E91871E981AB" value="true"/>
</engineerTo>
<referedAttribute>2D1E32BD-428B-F215-94C1-A827147C7BF9</referedAttribute>
<use>0</use>
<ownDataTypeParameters>,,</ownDataTypeParameters>
</Attribute>
</attributes>
</Entity>