<?xml version = '1.0' encoding = 'UTF-8'?>
<Entity class="oracle.dbtools.crest.model.design.logical.Entity" directorySegmentName="seg_0" id="94486689-8537-1C5C-BB68-598392BF7BF2" name="ENTREGA">
<createdBy>labsfiap</createdBy>
<createdTime>2024-09-23 11:49:10 UTC</createdTime>
<ownerDesignName>aula06</ownerDesignName>
<engineerTo>
<item key="B4EC7678-6D4C-7AEC-40DC-E91871E981AB" value="true"/>
</engineerTo>
<adequatelyNormalized>NO</adequatelyNormalized>
<expectedVolumes>0</expectedVolumes>
<fwdEngineeringStrategyName>Single Table</fwdEngineeringStrategyName>
<growthPercent>0</growthPercent>
<growthType>Year</growthType>
<maxVolumes>9999999</maxVolumes>
<minVolumes>0</minVolumes>
<normalForm>Third</normalForm>
<attributes itemClass="oracle.dbtools.crest.model.design.logical.Attribute">
<Attribute name="ID_entrega" id="01215A5F-0FE9-44A8-D232-2D8997C6D02E">
<createdBy>labsfiap</createdBy>
<createdTime>2024-09-23 11:58:45 UTC</createdTime>
<ownerDesignName>aula06</ownerDesignName>
<engineerTo>
<item key="B4EC7678-6D4C-7AEC-40DC-E91871E981AB" value="true"/>
</engineerTo>
<use>0</use>
<ownDataTypeParameters>,,</ownDataTypeParameters>
</Attribute>
<Attribute name="tipo_entrega" id="7D34717A-B76A-272A-AF1E-A2199BAA8793">
<createdBy>labsfiap</createdBy>
<createdTime>2024-09-23 12:05:58 UTC</createdTime>
<ownerDesignName>aula06</ownerDesignName>
<engineerTo>
<item key="B4EC7678-6D4C-7AEC-40DC-E91871E981AB" value="true"/>
</engineerTo>
<use>0</use>
<ownDataTypeParameters>,,</ownDataTypeParameters>
</Attribute>
<Attribute name="id_entregador" id="22B27A8B-FA4B-A22A-25A1-3531454EB822">
<createdBy>labsfiap</createdBy>
<createdTime>2024-09-23 12:25:43 UTC</createdTime>
<generatorID>C1A8018F-3D0F-BD6F-6C92-B67AB6867038</generatorID>
<ownerDesignName>aula06</ownerDesignName>
<engineerTo>
<item key="B4EC7678-6D4C-7AEC-40DC-E91871E981AB" value="true"/>
</engineerTo>
<referedAttribute>A28AF1F1-E498-8A1A-CF89-742D64427901</referedAttribute>
<use>0</use>
<ownDataTypeParameters>,,</ownDataTypeParameters>
</Attribute>
</attributes>
<identifiers itemClass="oracle.dbtools.crest.model.design.logical.CandidateKey">
<identifier id="4C2D6487-A2DB-5956-0CEA-DEB874861C32" name="ENTREGAS PK">
<createdBy>labsfiap</createdBy>
<createdTime>2024-09-23 11:58:54 UTC</createdTime>
<ownerDesignName>aula06</ownerDesignName>
<engineerTo>
<item key="B4EC7678-6D4C-7AEC-40DC-E91871E981AB" value="true"/>
</engineerTo>
<pk>true</pk>
<usedAttributes>
<attributeRef>01215A5F-0FE9-44A8-D232-2D8997C6D02E</attributeRef>
</usedAttributes>
</identifier>
</identifiers>
</Entity>