<?xml version = '1.0' encoding = 'UTF-8'?>
<Entity class="oracle.dbtools.crest.model.design.logical.Entity" directorySegmentName="seg_0" id="C3C14D9D-7B02-AC5A-73AF-D449867D8D02" name="PAGAMENTOS">
<createdBy>labsfiap</createdBy>
<createdTime>2024-09-23 11:49:25 UTC</createdTime>
<ownerDesignName>aula06</ownerDesignName>
<engineerTo>
<item key="B4EC7678-6D4C-7AEC-40DC-E91871E981AB" value="true"/>
</engineerTo>
<adequatelyNormalized>NO</adequatelyNormalized>
<expectedVolumes>0</expectedVolumes>
<fwdEngineeringStrategyName>Single Table</fwdEngineeringStrategyName>
<growthPercent>0</growthPercent>
<growthType>Year</growthType>
<maxVolumes>9999999</maxVolumes>
<minVolumes>0</minVolumes>
<normalForm>Third</normalForm>
<attributes itemClass="oracle.dbtools.crest.model.design.logical.Attribute">
<Attribute name="id_pagamento" id="7BB0F4E7-D3D7-0FCA-44F1-D599F86E0C70">
<createdBy>labsfiap</createdBy>
<createdTime>2024-09-23 11:57:18 UTC</createdTime>
<ownerDesignName>aula06</ownerDesignName>
<engineerTo>
<item key="B4EC7678-6D4C-7AEC-40DC-E91871E981AB" value="true"/>
</engineerTo>
<use>0</use>
<ownDataTypeParameters>,,</ownDataTypeParameters>
</Attribute>
<Attribute name="cartaoCredito" id="5A01A73B-EAC6-5003-DD63-891003B70A61">
<createdBy>labsfiap</createdBy>
<createdTime>2024-09-23 11:57:29 UTC</createdTime>
<ownerDesignName>aula06</ownerDesignName>
<engineerTo>
<item key="B4EC7678-6D4C-7AEC-40DC-E91871E981AB" value="true"/>
</engineerTo>
<use>0</use>
<ownDataTypeParameters>,,</ownDataTypeParameters>
</Attribute>
<Attribute name="dinheiro" id="447DA652-BFBA-1138-D3CB-527DDF9F4E6E">
<createdBy>labsfiap</createdBy>
<createdTime>2024-09-23 11:57:41 UTC</createdTime>
<ownerDesignName>aula06</ownerDesignName>
<engineerTo>
<item key="B4EC7678-6D4C-7AEC-40DC-E91871E981AB" value="true"/>
</engineerTo>
<use>0</use>
<ownDataTypeParameters>,,</ownDataTypeParameters>
</Attribute>
<Attribute name="cartaoDebito" id="E905F532-EEC7-14A4-798B-9A63C1601584">
<createdBy>labsfiap</createdBy>
<createdTime>2024-09-23 11:57:46 UTC</createdTime>
<ownerDesignName>aula06</ownerDesignName>
<engineerTo>
<item key="B4EC7678-6D4C-7AEC-40DC-E91871E981AB" value="true"/>
</engineerTo>
<use>0</use>
<ownDataTypeParameters>,,</ownDataTypeParameters>
</Attribute>
<Attribute name="pix" id="C3B9DFCA-E8B2-ED7E-0CDF-2630A21B2129">
<createdBy>labsfiap</createdBy>
<createdTime>2024-09-23 11:57:54 UTC</createdTime>
<ownerDesignName>aula06</ownerDesignName>
<engineerTo>
<item key="B4EC7678-6D4C-7AEC-40DC-E91871E981AB" value="true"/>
</engineerTo>
<use>0</use>
<ownDataTypeParameters>,,</ownDataTypeParameters>
</Attribute>
<Attribute name="id_cliente" id="FDBB1794-84DC-436F-6F23-72D38DA77ECF">
<createdBy>labsfiap</createdBy>
<createdTime>2024-09-23 12:07:07 UTC</createdTime>
<generatorID>7A335EEC-75AD-6821-F3F1-24680475E000</generatorID>
<ownerDesignName>aula06</ownerDesignName>
<engineerTo>
<item key="B4EC7678-6D4C-7AEC-40DC-E91871E981AB" value="true"/>
</engineerTo>
<referedAttribute>0E33992E-7497-B567-28CC-6556D2509F60</referedAttribute>
<use>0</use>
<ownDataTypeParameters>,,</ownDataTypeParameters>
</Attribute>
</attributes>
<identifiers itemClass="oracle.dbtools.crest.model.design.logical.CandidateKey">
<identifier id="7567D9C0-C878-46E2-8476-C45111463E6F" name="PAGAMENTOS PK">
<createdBy>labsfiap</createdBy>
<createdTime>2024-09-23 11:57:28 UTC</createdTime>
<ownerDesignName>aula06</ownerDesignName>
<engineerTo>
<item key="B4EC7678-6D4C-7AEC-40DC-E91871E981AB" value="true"/>
</engineerTo>
<pk>true</pk>
<usedAttributes>
<attributeRef>7BB0F4E7-D3D7-0FCA-44F1-D599F86E0C70</attributeRef>
</usedAttributes>
</identifier>
</identifiers>
</Entity>