<?xml version = '1.0' encoding = 'UTF-8'?>
<Entity class="oracle.dbtools.crest.model.design.logical.Entity" directorySegmentName="seg_0" id="E4B1E96B-31FF-5061-4450-C9C161A4329E" name="AUTENTICA">
<createdBy>labsfiap</createdBy>
<createdTime>2024-09-23 12:35:31 UTC</createdTime>
<ownerDesignName>aula06</ownerDesignName>
<engineerTo>
<item key="B4EC7678-6D4C-7AEC-40DC-E91871E981AB" value="true"/>
</engineerTo>
<adequatelyNormalized>NO</adequatelyNormalized>
<expectedVolumes>0</expectedVolumes>
<fwdEngineeringStrategyName>Single Table</fwdEngineeringStrategyName>
<growthPercent>0</growthPercent>
<growthType>Year</growthType>
<maxVolumes>9999999</maxVolumes>
<minVolumes>0</minVolumes>
<normalForm>Third</normalForm>
<attributes itemClass="oracle.dbtools.crest.model.design.logical.Attribute">
<Attribute name="id_cliente" id="32F80FF7-A23F-A2B1-525F-127700500B30">
<createdBy>labsfiap</createdBy>
<createdTime>2024-09-23 12:37:50 UTC</createdTime>
<generatorID>94FFF72B-ADD4-DE12-EF42-EFBF9861E6DF</generatorID>
<ownerDesignName>aula06</ownerDesignName>
<engineerTo>
<item key="B4EC7678-6D4C-7AEC-40DC-E91871E981AB" value="true"/>
</engineerTo>
<referedAttribute>0E33992E-7497-B567-28CC-6556D2509F60</referedAttribute>
<use>0</use>
<ownDataTypeParameters>,,</ownDataTypeParameters>
</Attribute>
<Attribute name="id_restaurantesparceiros" id="BF6163F5-D3E0-4116-B563-A27DDE203B70">
<createdBy>labsfiap</createdBy>
<createdTime>2024-09-23 12:38:00 UTC</createdTime>
<generatorID>F051D33F-755F-2858-2A28-AA401A43EB9C</generatorID>
<ownerDesignName>aula06</ownerDesignName>
<engineerTo>
<item key="B4EC7678-6D4C-7AEC-40DC-E91871E981AB" value="true"/>
</engineerTo>
<referedAttribute>FD0DB161-CECD-2934-69E8-C13AB6BB4D97</referedAttribute>
<use>0</use>
<ownDataTypeParameters>,,</ownDataTypeParameters>
</Attribute>
<Attribute name="id_autentica" id="93F3F114-6E4D-8B37-AE19-D3A9B88B109A">
<createdBy>labsfiap</createdBy>
<createdTime>2024-09-23 12:49:11 UTC</createdTime>
<ownerDesignName>aula06</ownerDesignName>
<engineerTo>
<item key="B4EC7678-6D4C-7AEC-40DC-E91871E981AB" value="true"/>
</engineerTo>
<use>0</use>
<ownDataTypeParameters>,,</ownDataTypeParameters>
</Attribute>
<Attribute name="login" id="CF6C6C7E-8A1E-BE79-93EA-5122B61E99C2">
<createdBy>labsfiap</createdBy>
<createdTime>2024-09-23 12:49:25 UTC</createdTime>
<ownerDesignName>aula06</ownerDesignName>
<engineerTo>
<item key="B4EC7678-6D4C-7AEC-40DC-E91871E981AB" value="true"/>
</engineerTo>
<use>0</use>
<ownDataTypeParameters>,,</ownDataTypeParameters>
</Attribute>
<Attribute name="senha" id="ADC254D5-1A44-50A5-3978-D1ABFEE6274B">
<createdBy>labsfiap</createdBy>
<createdTime>2024-09-23 12:49:30 UTC</createdTime>
<ownerDesignName>aula06</ownerDesignName>
<engineerTo>
<item key="B4EC7678-6D4C-7AEC-40DC-E91871E981AB" value="true"/>
</engineerTo>
<use>0</use>
<ownDataTypeParameters>,,</ownDataTypeParameters>
</Attribute>
</attributes>
<identifiers itemClass="oracle.dbtools.crest.model.design.logical.CandidateKey">
<identifier id="6C01DA5C-87A5-2502-0B07-569122F152CC" name="AUTENTICA PK">
<createdBy>labsfiap</createdBy>
<createdTime>2024-09-23 12:49:23 UTC</createdTime>
<ownerDesignName>aula06</ownerDesignName>
<engineerTo>
<item key="B4EC7678-6D4C-7AEC-40DC-E91871E981AB" value="true"/>
</engineerTo>
<pk>true</pk>
<usedAttributes>
<attributeRef>93F3F114-6E4D-8B37-AE19-D3A9B88B109A</attributeRef>
</usedAttributes>
</identifier>
</identifiers>
</Entity>