<?xml version = '1.0' encoding = 'UTF-8'?>
<Diagram class="oracle.dbtools.crest.swingui.logical.DPVLogical" name="Logical" id="C98F0011-B4CF-4C15-478A-BFBA31653E13">
<createdBy>labsfiap</createdBy>
<modifiedBy>labsfiap</modifiedBy>
<createdTime>2024-09-23 11:04:26 UTC</createdTime>
<autoRoute>false</autoRoute>
<boxInbox>true</boxInbox>
<showLegend>false</showLegend>
<showLabels>false</showLabels>
<showRelAttributes>false</showRelAttributes>
<gridEnabled>false</gridEnabled>
<showGrid>false</showGrid>
<diagramColor>-1</diagramColor>
<display>false</display>
<notation>1</notation>
<objectViews>
<OView class="oracle.dbtools.crest.swingui.logical.TVEntity" oid="3827AED5-11BD-B793-22AF-C6A7BD072308" otype="Entity" vid="561977B4-B813-F5F6-67BD-F958CC805961">
<hideElementsInCurrentOnly>false</hideElementsInCurrentOnly>
<bounds x="523" y="45" width="155" height="110"/>
</OView>
<OView class="oracle.dbtools.crest.swingui.logical.TVEntity" oid="6A853651-7C23-AFDF-ACD8-E2ACF9387544" otype="Entity" vid="33798687-E9F6-02FE-B7C2-60BFB539C1E5">
<hideElementsInCurrentOnly>false</hideElementsInCurrentOnly>
<bounds x="752" y="45" width="170" height="110"/>
</OView>
<OView class="oracle.dbtools.crest.swingui.logical.TVEntity" oid="A52E2E5B-167F-FE42-A705-A6EED28B58C9" otype="Entity" vid="B7388A72-FDC3-66BB-D585-4757DFBCD990">
<hideElementsInCurrentOnly>false</hideElementsInCurrentOnly>
<bounds x="293" y="35" width="157" height="113"/>
</OView>
<OView class="oracle.dbtools.crest.swingui.logical.TVEntity" oid="D312998B-C452-E706-2423-6BE8729F1181" otype="Entity" vid="FF7DF7A5-E6F9-E8F9-39DC-91072D943536">
<hideElementsInCurrentOnly>false</hideElementsInCurrentOnly>
<bounds x="44" y="140" width="170" height="110"/>
</OView>
<OView class="oracle.dbtools.crest.swingui.logical.TVEntity" oid="DFF75482-787A-6590-177D-70CEC1B9C0BC" otype="Entity" vid="0056D90B-0A1E-BEEA-BFF9-416257653091">
<hideElementsInCurrentOnly>false</hideElementsInCurrentOnly>
<bounds x="771" y="251" width="170" height="110"/>
</OView>
<OView class="oracle.dbtools.crest.swingui.logical.TVEntity" oid="E0125E9D-5458-7161-2236-3F9C1E54801C" otype="Entity" vid="B56DC6D1-4479-2233-3C09-A6793D9A8B15">
<hideElementsInCurrentOnly>false</hideElementsInCurrentOnly>
<bounds x="511" y="256" width="181" height="105"/>
</OView>
<OView class="oracle.dbtools.crest.swingui.logical.TVEntity" oid="E1C3C732-A518-61D1-E694-6029E080179D" otype="Entity" vid="75967E06-EA7C-78CD-1261-DC309CB77715">
<hideElementsInCurrentOnly>false</hideElementsInCurrentOnly>
<bounds x="270" y="249" width="170" height="110"/>
</OView>
</objectViews>
<connectors>
<Connector class="oracle.dbtools.crest.swingui.logical.TVRelation" oid="0ED6379B-9E91-556F-6858-5E988CC8DD94" otype="Relation" vid_source="33798687-E9F6-02FE-B7C2-60BFB539C1E5" vid_target="0056D90B-0A1E-BEEA-BFF9-416257653091">
<hideElementsInCurrentOnly>false</hideElementsInCurrentOnly>
<backgroundColor>-16777216</backgroundColor>
<lineWidth>1</lineWidth>
<points>
<point x="846" y="155"/>
<point x="846" y="251"/>
</points>
</Connector>
<Connector class="oracle.dbtools.crest.swingui.logical.TVRelation" oid="0FA69F0D-37B1-FEE3-0FFC-9E81A126C97B" otype="Relation" vid_source="FF7DF7A5-E6F9-E8F9-39DC-91072D943536" vid_target="75967E06-EA7C-78CD-1261-DC309CB77715">
<hideElementsInCurrentOnly>false</hideElementsInCurrentOnly>
<backgroundColor>-16777216</backgroundColor>
<lineWidth>1</lineWidth>
<points>
<point x="214" y="195"/>
<point x="270" y="249"/>
</points>
</Connector>
<Connector class="oracle.dbtools.crest.swingui.logical.TVRelation" oid="31062698-5CFB-F692-AD40-96BD31130BD8" otype="Relation" vid_source="33798687-E9F6-02FE-B7C2-60BFB539C1E5" vid_target="561977B4-B813-F5F6-67BD-F958CC805961">
<hideElementsInCurrentOnly>false</hideElementsInCurrentOnly>
<backgroundColor>-16777216</backgroundColor>
<lineWidth>1</lineWidth>
<points>
<point x="752" y="100"/>
<point x="678" y="100"/>
</points>
</Connector>
<Connector class="oracle.dbtools.crest.swingui.logical.TVRelation" oid="6B2D2569-0BC0-37BD-CCEF-DE205DE444A4" otype="Relation" vid_source="FF7DF7A5-E6F9-E8F9-39DC-91072D943536" vid_target="B7388A72-FDC3-66BB-D585-4757DFBCD990">
<hideElementsInCurrentOnly>false</hideElementsInCurrentOnly>
<backgroundColor>-16777216</backgroundColor>
<lineWidth>1</lineWidth>
<points>
<point x="214" y="188"/>
<point x="293" y="144"/>
</points>
</Connector>
<Connector class="oracle.dbtools.crest.swingui.logical.TVRelation" oid="6D65717F-54CE-F8CC-491A-CAB9BD86E711" otype="Relation" vid_source="561977B4-B813-F5F6-67BD-F958CC805961" vid_target="B7388A72-FDC3-66BB-D585-4757DFBCD990">
<hideElementsInCurrentOnly>false</hideElementsInCurrentOnly>
<backgroundColor>-16777216</backgroundColor>
<lineWidth>1</lineWidth>
<points>
<point x="523" y="96"/>
<point x="450" y="96"/>
</points>
</Connector>
<Connector class="oracle.dbtools.crest.swingui.logical.TVRelation" oid="B47C1368-2313-B837-31DC-22B9D6418AAA" otype="Relation" vid_source="75967E06-EA7C-78CD-1261-DC309CB77715" vid_target="B56DC6D1-4479-2233-3C09-A6793D9A8B15">
<hideElementsInCurrentOnly>false</hideElementsInCurrentOnly>
<backgroundColor>-16777216</backgroundColor>
<lineWidth>1</lineWidth>
<points>
<point x="440" y="307"/>
<point x="511" y="307"/>
</points>
</Connector>
<Connector class="oracle.dbtools.crest.swingui.logical.TVRelation" oid="E866FE48-C615-F2C3-3F83-1DA9F1BA6B76" otype="Relation" vid_source="561977B4-B813-F5F6-67BD-F958CC805961" vid_target="B56DC6D1-4479-2233-3C09-A6793D9A8B15">
<hideElementsInCurrentOnly>false</hideElementsInCurrentOnly>
<backgroundColor>-16777216</backgroundColor>
<lineWidth>1</lineWidth>
<points>
<point x="600" y="155"/>
<point x="600" y="256"/>
</points>
</Connector>
<Connector class="oracle.dbtools.crest.swingui.logical.TVRelation" oid="FF0B6699-526F-EB32-B60A-32E2CF10732B" otype="Relation" vid_source="0056D90B-0A1E-BEEA-BFF9-416257653091" vid_target="B56DC6D1-4479-2233-3C09-A6793D9A8B15">
<hideElementsInCurrentOnly>false</hideElementsInCurrentOnly>
<backgroundColor>-16777216</backgroundColor>
<lineWidth>1</lineWidth>
<points>
<point x="771" y="313"/>
<point x="692" y="312"/>
</points>
</Connector>
</connectors>
</Diagram>